insert into Camara values(1);
insert into Camara values(2);
insert into Camara values(3);
insert into Camara values(4);
insert into Camara values(5);
insert into Camara values(6);
insert into Camara values(7);
insert into Camara values(8);
insert into Camara values(9);
insert into Camara values(10);
insert into Camara values(11);
insert into Camara values(12);
insert into Camara values(13);
insert into Camara values(14);
insert into Camara values(15);
insert into Camara values(16);
insert into Camara values(17);
insert into Camara values(18);
insert into Camara values(19);
insert into Camara values(20);
insert into Camara values(21);
insert into Camara values(22);
insert into Camara values(23);
insert into Camara values(24);
insert into Camara values(25);
insert into Camara values(26);
insert into Camara values(27);
insert into Camara values(28);
insert into Camara values(29);
insert into Camara values(30);
insert into Camara values(31);
insert into Camara values(32);
insert into Camara values(33);
insert into Camara values(34);
insert into Camara values(35);
insert into Camara values(36);
insert into Camara values(37);
insert into Camara values(38);
insert into Camara values(39);
insert into Camara values(40);
insert into Camara values(41);
insert into Camara values(42);
insert into Camara values(43);
insert into Camara values(44);
insert into Camara values(45);
insert into Camara values(46);
insert into Camara values(47);
insert into Camara values(48);
insert into Camara values(49);
insert into Camara values(50);
insert into Camara values(51);
insert into Camara values(52);
insert into Camara values(53);
insert into Camara values(54);
insert into Camara values(55);
insert into Camara values(56);
insert into Camara values(57);
insert into Camara values(58);
insert into Camara values(59);
insert into Camara values(60);
insert into Camara values(61);
insert into Camara values(62);
insert into Camara values(63);
insert into Camara values(64);
insert into Camara values(65);
insert into Camara values(66);
insert into Camara values(67);
insert into Camara values(68);
insert into Camara values(69);
insert into Camara values(70);
insert into Camara values(71);
insert into Camara values(72);
insert into Camara values(73);
insert into Camara values(74);
insert into Camara values(75);
insert into Camara values(76);
insert into Camara values(77);
insert into Camara values(78);
insert into Camara values(79);
insert into Camara values(80);
insert into Camara values(81);
insert into Camara values(82);
insert into Camara values(83);
insert into Camara values(84);
insert into Camara values(85);
insert into Camara values(86);
insert into Camara values(87);
insert into Camara values(88);
insert into Camara values(89);
insert into Camara values(90);
insert into Camara values(91);
insert into Camara values(92);
insert into Camara values(93);
insert into Camara values(94);
insert into Camara values(95);
insert into Camara values(96);
insert into Camara values(97);
insert into Camara values(98);
insert into Camara values(99);
insert into Camara values(100);

insert into ProcessoSocorro values(1);
insert into ProcessoSocorro values(2);
insert into ProcessoSocorro values(3);
insert into ProcessoSocorro values(4);
insert into ProcessoSocorro values(5);
insert into ProcessoSocorro values(6);
insert into ProcessoSocorro values(7);
insert into ProcessoSocorro values(8);
insert into ProcessoSocorro values(9);
insert into ProcessoSocorro values(10);
insert into ProcessoSocorro values(11);
insert into ProcessoSocorro values(12);
insert into ProcessoSocorro values(13);
insert into ProcessoSocorro values(14);
insert into ProcessoSocorro values(15);
insert into ProcessoSocorro values(16);
insert into ProcessoSocorro values(17);
insert into ProcessoSocorro values(18);
insert into ProcessoSocorro values(19);
insert into ProcessoSocorro values(20);
insert into ProcessoSocorro values(21);
insert into ProcessoSocorro values(22);
insert into ProcessoSocorro values(23);
insert into ProcessoSocorro values(24);
insert into ProcessoSocorro values(25);
insert into ProcessoSocorro values(26);
insert into ProcessoSocorro values(27);
insert into ProcessoSocorro values(28);
insert into ProcessoSocorro values(29);
insert into ProcessoSocorro values(30);
insert into ProcessoSocorro values(31);
insert into ProcessoSocorro values(32);
insert into ProcessoSocorro values(33);
insert into ProcessoSocorro values(34);
insert into ProcessoSocorro values(35);
insert into ProcessoSocorro values(36);
insert into ProcessoSocorro values(37);
insert into ProcessoSocorro values(38);
insert into ProcessoSocorro values(39);
insert into ProcessoSocorro values(40);
insert into ProcessoSocorro values(41);
insert into ProcessoSocorro values(42);
insert into ProcessoSocorro values(43);
insert into ProcessoSocorro values(44);
insert into ProcessoSocorro values(45);
insert into ProcessoSocorro values(46);
insert into ProcessoSocorro values(47);
insert into ProcessoSocorro values(48);
insert into ProcessoSocorro values(49);
insert into ProcessoSocorro values(50);
insert into ProcessoSocorro values(51);
insert into ProcessoSocorro values(52);
insert into ProcessoSocorro values(53);
insert into ProcessoSocorro values(54);
insert into ProcessoSocorro values(55);
insert into ProcessoSocorro values(56);
insert into ProcessoSocorro values(57);
insert into ProcessoSocorro values(58);
insert into ProcessoSocorro values(59);
insert into ProcessoSocorro values(60);
insert into ProcessoSocorro values(61);
insert into ProcessoSocorro values(62);
insert into ProcessoSocorro values(63);
insert into ProcessoSocorro values(64);
insert into ProcessoSocorro values(65);
insert into ProcessoSocorro values(66);
insert into ProcessoSocorro values(67);
insert into ProcessoSocorro values(68);
insert into ProcessoSocorro values(69);
insert into ProcessoSocorro values(70);
insert into ProcessoSocorro values(71);
insert into ProcessoSocorro values(72);
insert into ProcessoSocorro values(73);
insert into ProcessoSocorro values(74);
insert into ProcessoSocorro values(75);
insert into ProcessoSocorro values(76);
insert into ProcessoSocorro values(77);
insert into ProcessoSocorro values(78);
insert into ProcessoSocorro values(79);
insert into ProcessoSocorro values(80);
insert into ProcessoSocorro values(81);
insert into ProcessoSocorro values(82);
insert into ProcessoSocorro values(83);
insert into ProcessoSocorro values(84);
insert into ProcessoSocorro values(85);
insert into ProcessoSocorro values(86);
insert into ProcessoSocorro values(87);
insert into ProcessoSocorro values(88);
insert into ProcessoSocorro values(89);
insert into ProcessoSocorro values(90);
insert into ProcessoSocorro values(91);
insert into ProcessoSocorro values(92);
insert into ProcessoSocorro values(93);
insert into ProcessoSocorro values(94);
insert into ProcessoSocorro values(95);
insert into ProcessoSocorro values(96);
insert into ProcessoSocorro values(97);
insert into ProcessoSocorro values(98);
insert into ProcessoSocorro values(99);
insert into ProcessoSocorro values(100);

insert into Coordenador values(1);
insert into Coordenador values(2);
insert into Coordenador values(3);
insert into Coordenador values(4);
insert into Coordenador values(5);
insert into Coordenador values(6);
insert into Coordenador values(7);
insert into Coordenador values(8);
insert into Coordenador values(9);
insert into Coordenador values(10);
insert into Coordenador values(11);
insert into Coordenador values(12);
insert into Coordenador values(13);
insert into Coordenador values(14);
insert into Coordenador values(15);
insert into Coordenador values(16);
insert into Coordenador values(17);
insert into Coordenador values(18);
insert into Coordenador values(19);
insert into Coordenador values(20);
insert into Coordenador values(21);
insert into Coordenador values(22);
insert into Coordenador values(23);
insert into Coordenador values(24);
insert into Coordenador values(25);
insert into Coordenador values(26);
insert into Coordenador values(27);
insert into Coordenador values(28);
insert into Coordenador values(29);
insert into Coordenador values(30);
insert into Coordenador values(31);
insert into Coordenador values(32);
insert into Coordenador values(33);
insert into Coordenador values(34);
insert into Coordenador values(35);
insert into Coordenador values(36);
insert into Coordenador values(37);
insert into Coordenador values(38);
insert into Coordenador values(39);
insert into Coordenador values(40);
insert into Coordenador values(41);
insert into Coordenador values(42);
insert into Coordenador values(43);
insert into Coordenador values(44);
insert into Coordenador values(45);
insert into Coordenador values(46);
insert into Coordenador values(47);
insert into Coordenador values(48);
insert into Coordenador values(49);
insert into Coordenador values(50);
insert into Coordenador values(51);
insert into Coordenador values(52);
insert into Coordenador values(53);
insert into Coordenador values(54);
insert into Coordenador values(55);
insert into Coordenador values(56);
insert into Coordenador values(57);
insert into Coordenador values(58);
insert into Coordenador values(59);
insert into Coordenador values(60);
insert into Coordenador values(61);
insert into Coordenador values(62);
insert into Coordenador values(63);
insert into Coordenador values(64);
insert into Coordenador values(65);
insert into Coordenador values(66);
insert into Coordenador values(67);
insert into Coordenador values(68);
insert into Coordenador values(69);
insert into Coordenador values(70);
insert into Coordenador values(71);
insert into Coordenador values(72);
insert into Coordenador values(73);
insert into Coordenador values(74);
insert into Coordenador values(75);
insert into Coordenador values(76);
insert into Coordenador values(77);
insert into Coordenador values(78);
insert into Coordenador values(79);
insert into Coordenador values(80);
insert into Coordenador values(81);
insert into Coordenador values(82);
insert into Coordenador values(83);
insert into Coordenador values(84);
insert into Coordenador values(85);
insert into Coordenador values(86);
insert into Coordenador values(87);
insert into Coordenador values(88);
insert into Coordenador values(89);
insert into Coordenador values(90);
insert into Coordenador values(91);
insert into Coordenador values(92);
insert into Coordenador values(93);
insert into Coordenador values(94);
insert into Coordenador values(95);
insert into Coordenador values(96);
insert into Coordenador values(97);
insert into Coordenador values(98);
insert into Coordenador values(99);
insert into Coordenador values(100);

insert into Local values('Monchique');
insert into Local values('Oliveira do Hospital');
insert into Local values('Lisboa');
insert into Local values('Porto');
insert into Local values('Sesimbra');
insert into Local values('Evora');
insert into Local values('Sines');
insert into Local values('Cascais');
insert into Local values('Coimbra');
insert into Local values('Beja');
insert into Local values('Alcacer do Sal');
insert into Local values('Funchal');
insert into Local values('Ponta Delgada');
insert into Local values('Abrantes');
insert into Local values('Agueda');
insert into Local values('Alcobaca');
insert into Local values('Almada');
insert into Local values('Almeirim');
insert into Local values('Amadora');
insert into Local values('Amarante');
insert into Local values('Anadia');
insert into Local values('Angra do Heroismo');
insert into Local values('Aveiro');
insert into Local values('Barcelos');
insert into Local values('Barreiro');
insert into Local values('Caldas da Rainha');
insert into Local values('Braga');
insert into Local values('Braganca');
insert into Local values('Cantanhede');
insert into Local values('Cartaxo');
insert into Local values('Castelo Branco');
insert into Local values('Elvas');
insert into Local values('Entroncamento');
insert into Local values('Estremoz');
insert into Local values('Esposende');
insert into Local values('Fafe');
insert into Local values('Faro');
insert into Local values('Fátima');
insert into Local values('Felgueiras');
insert into Local values('Figueira da Foz');
insert into Local values('Fundão');
insert into Local values('Gondomar');
insert into Local values('Gouveia');
insert into Local values('Guarda');
insert into Local values('Guimaraes');
insert into Local values('Albufeira');
insert into Local values('Ilhavo');
insert into Local values('Lagoa');
insert into Local values('Lagos');
insert into Local values('Lamego');
insert into Local values('Leiria');
insert into Local values('Loule');
insert into Local values('Loures');
insert into Local values('Machico');
insert into Local values('Maia');
insert into Local values('Matosinhos');
insert into Local values('Marinha Grande');
insert into Local values('Mealhada');
insert into Local values('Mirandela');
insert into Local values('Montemor');
insert into Local values('Montijo');
insert into Local values('Moura');
insert into Local values('Odivelas');
insert into Local values('Ourem');
insert into Local values('Ovar');
insert into Local values('Pacos de Ferreira');
insert into Local values('Penafiel');
insert into Local values('Peniche');
insert into Local values('Peso da Regua');
insert into Local values('Ponte de Sor');
insert into Local values('Portalegre');
insert into Local values('Portimao');
insert into Local values('Povoa de Santa Iria');
insert into Local values('Povoa do Varzim');
insert into Local values('Praia da Vitoria');
insert into Local values('Quarteira');
insert into Local values('Queluz');
insert into Local values('Rio Maior');
insert into Local values('Ribeira Grande');
insert into Local values('Sabugal');
insert into Local values('Sacavem');
insert into Local values('Rebordosa');
insert into Local values('Santa Cruz');
insert into Local values('Santa Maria da Feira');
insert into Local values('Santana');
insert into Local values('Santarem');
insert into Local values('Santiago do Cacem');
insert into Local values('Santo Tirso');
insert into Local values('Sao Joao da Madeira');
insert into Local values('Sao Pedro do Sul');
insert into Local values('Seia');
insert into Local values('Seixal');
insert into Local values('Tavira');
insert into Local values('Tomar');
insert into Local values('Viana do Castelo');
insert into Local values('Vila Franca de Xira');
insert into Local values('Viseu');
insert into Local values('Vila Nova de Gaia');
insert into Local values('Vila do Conde');
insert into Local values('Vizela');

insert into Video values('2018-08-01 08:00:00', '2018-08-01 23:00:00', 2);
insert into Video values('2018-08-02 08:00:00', '2018-08-02 23:00:00', 2);
insert into Video values('2018-08-03 08:00:00', '2018-08-03 23:00:00', 2);
insert into Video values('2018-08-04 08:00:00', '2018-08-04 23:00:00', 2);
insert into Video values('2018-08-05 08:00:00', '2018-08-05 23:00:00', 2);
insert into Video values('2018-08-06 08:00:00', '2018-08-06 23:00:00', 2);
insert into Video values('2018-08-07 08:00:00', '2018-08-07 23:00:00', 2);
insert into Video values('2018-08-08 08:00:00', '2018-08-08 23:00:00', 2);
insert into Video values('2018-08-09 08:00:00', '2018-08-09 23:00:00', 2);
insert into Video values('2018-08-10 08:00:00', '2018-08-10 23:00:00', 2);
insert into Video values('2018-08-11 08:00:00', '2018-08-11 23:00:00', 2);
insert into Video values('2018-08-12 08:00:00', '2018-08-12 23:00:00', 2);
insert into Video values('2018-08-23 08:00:00', '2018-08-23 23:00:00', 2);
insert into Video values('2018-08-24 08:00:00', '2018-08-24 23:00:00', 2);
insert into Video values('2018-08-25 08:00:00', '2018-08-25 23:00:00', 2);
insert into Video values('2018-08-26 08:00:00', '2018-08-26 23:00:00', 2);
insert into Video values('2018-08-27 08:00:00', '2018-08-27 23:00:00', 2);
insert into Video values('2018-08-28 08:00:00', '2018-08-28 23:00:00', 2);
insert into Video values('2018-08-29 08:00:00', '2018-08-29 23:00:00', 2);
insert into Video values('2018-08-30 08:00:00', '2018-08-30 23:00:00', 2);
insert into Video values('2018-08-31 08:00:00', '2018-08-31 23:00:00', 2);
insert into Video values('2018-09-01 08:00:00', '2018-09-01 23:00:00', 3);
insert into Video values('2018-09-02 08:00:00', '2018-09-02 23:00:00', 3);
insert into Video values('2018-09-03 08:00:00', '2018-09-03 23:00:00', 3);
insert into Video values('2018-09-04 08:00:00', '2018-09-04 23:00:00', 3);
insert into Video values('2018-09-05 08:00:00', '2018-09-05 23:00:00', 3);
insert into Video values('2018-09-06 08:00:00', '2018-09-06 23:00:00', 3);
insert into Video values('2018-09-07 08:00:00', '2018-09-07 23:00:00', 3);
insert into Video values('2018-09-08 08:00:00', '2018-09-08 23:00:00', 3);
insert into Video values('2018-09-09 08:00:00', '2018-09-09 23:00:00', 3);
insert into Video values('2018-09-10 08:00:00', '2018-09-10 23:00:00', 3);
insert into Video values('2018-09-11 08:00:00', '2018-09-11 23:00:00', 3);
insert into Video values('2018-09-12 08:00:00', '2018-09-12 23:00:00', 3);
insert into Video values('2018-09-23 08:00:00', '2018-09-23 23:00:00', 3);
insert into Video values('2018-09-24 08:00:00', '2018-09-24 23:00:00', 3);
insert into Video values('2018-09-25 08:00:00', '2018-09-25 23:00:00', 3);
insert into Video values('2018-09-26 08:00:00', '2018-09-26 23:00:00', 3);
insert into Video values('2018-09-27 08:00:00', '2018-09-27 23:00:00', 3);
insert into Video values('2018-09-28 08:00:00', '2018-09-28 23:00:00', 3);
insert into Video values('2018-09-29 08:00:00', '2018-09-29 23:00:00', 3);
insert into Video values('2018-09-30 08:00:00', '2018-09-30 23:00:00', 3);
insert into Video values('2018-10-01 08:00:00', '2018-10-01 23:00:00', 4);
insert into Video values('2018-10-02 08:00:00', '2018-10-02 23:00:00', 4);
insert into Video values('2018-10-03 08:00:00', '2018-10-03 23:00:00', 4);
insert into Video values('2018-10-04 08:00:00', '2018-10-04 23:00:00', 4);
insert into Video values('2018-10-05 08:00:00', '2018-10-05 23:00:00', 4);
insert into Video values('2018-10-06 08:00:00', '2018-10-06 23:00:00', 4);
insert into Video values('2018-10-07 08:00:00', '2018-10-07 23:00:00', 4);
insert into Video values('2018-10-08 08:00:00', '2018-10-08 23:00:00', 4);
insert into Video values('2018-10-09 08:00:00', '2018-10-09 23:00:00', 4);
insert into Video values('2018-10-10 08:00:00', '2018-10-10 23:00:00', 4);
insert into Video values('2018-10-11 08:00:00', '2018-10-11 23:00:00', 4);
insert into Video values('2018-10-12 08:00:00', '2018-10-12 23:00:00', 4);
insert into Video values('2018-10-23 08:00:00', '2018-10-23 23:00:00', 4);
insert into Video values('2018-10-24 08:00:00', '2018-10-24 23:00:00', 4);
insert into Video values('2018-10-25 08:00:00', '2018-10-25 23:00:00', 4);
insert into Video values('2018-10-26 08:00:00', '2018-10-26 23:00:00', 4);
insert into Video values('2018-10-27 08:00:00', '2018-10-27 23:00:00', 4);
insert into Video values('2018-10-28 08:00:00', '2018-10-28 23:00:00', 4);
insert into Video values('2018-10-29 08:00:00', '2018-10-29 23:00:00', 4);
insert into Video values('2018-10-30 08:00:00', '2018-10-30 23:00:00', 4);
insert into Video values('2018-10-31 08:00:00', '2018-10-31 23:00:00', 4);
insert into Video values('2019-09-01 08:00:00', '2019-09-01 23:00:00', 5);
insert into Video values('2019-09-02 08:00:00', '2019-09-02 23:00:00', 5);
insert into Video values('2019-09-03 08:00:00', '2019-09-03 23:00:00', 5);
insert into Video values('2019-09-04 08:00:00', '2019-09-04 23:00:00', 5);
insert into Video values('2019-09-05 08:00:00', '2019-09-05 23:00:00', 5);
insert into Video values('2019-09-06 08:00:00', '2019-09-06 23:00:00', 5);
insert into Video values('2019-09-07 08:00:00', '2019-09-07 23:00:00', 5);
insert into Video values('2019-09-08 08:00:00', '2019-09-08 23:00:00', 5);
insert into Video values('2019-09-09 08:00:00', '2019-09-09 23:00:00', 5);
insert into Video values('2019-09-10 08:00:00', '2019-09-10 23:00:00', 5);
insert into Video values('2019-09-11 08:00:00', '2019-09-11 23:00:00', 5);
insert into Video values('2019-09-12 08:00:00', '2019-09-12 23:00:00', 5);
insert into Video values('2019-09-23 08:00:00', '2019-09-23 23:00:00', 5);
insert into Video values('2019-09-24 08:00:00', '2019-09-24 23:00:00', 5);
insert into Video values('2019-09-25 08:00:00', '2019-09-25 23:00:00', 5);
insert into Video values('2019-09-26 08:00:00', '2019-09-26 23:00:00', 5);
insert into Video values('2019-09-27 08:00:00', '2019-09-27 23:00:00', 5);
insert into Video values('2019-09-28 08:00:00', '2019-09-28 23:00:00', 5);
insert into Video values('2019-09-29 08:00:00', '2019-09-29 23:00:00', 5);
insert into Video values('2019-09-30 08:00:00', '2019-09-30 23:00:00', 5);
insert into Video values('2018-09-01 08:00:00', '2018-09-01 23:00:00', 100);
insert into Video values('2018-09-02 08:00:00', '2018-09-02 23:00:00', 100);
insert into Video values('2018-09-03 08:00:00', '2018-09-03 23:00:00', 100);
insert into Video values('2018-09-04 08:00:00', '2018-09-04 23:00:00', 100);
insert into Video values('2018-09-05 08:00:00', '2018-09-05 23:00:00', 100);
insert into Video values('2018-09-06 08:00:00', '2018-09-06 23:00:00', 100);
insert into Video values('2018-09-07 08:00:00', '2018-09-07 23:00:00', 100);
insert into Video values('2018-09-08 08:00:00', '2018-09-08 23:00:00', 100);
insert into Video values('2018-09-09 08:00:00', '2018-09-09 23:00:00', 100);
insert into Video values('2018-09-10 08:00:00', '2018-09-10 23:00:00', 100);
insert into Video values('2018-09-11 08:00:00', '2018-09-11 23:00:00', 100);
insert into Video values('2018-09-12 08:00:00', '2018-09-12 23:00:00', 100);
insert into Video values('2018-09-23 08:00:00', '2018-09-23 23:00:00', 100);
insert into Video values('2018-09-24 08:00:00', '2018-09-24 23:00:00', 100);
insert into Video values('2018-09-25 08:00:00', '2018-09-25 23:00:00', 100);
insert into Video values('2018-09-26 08:00:00', '2018-09-26 23:00:00', 100);
insert into Video values('2018-09-27 08:00:00', '2018-09-27 23:00:00', 100);
insert into Video values('2018-09-28 08:00:00', '2018-09-28 23:00:00', 100);
insert into Video values('2018-09-29 08:00:00', '2018-09-29 23:00:00', 100);
insert into Video values('2018-09-30 08:00:00', '2018-09-30 23:00:00', 100);

insert into EventoEmergencia values('911111111', '2018-08-01 09:00:00', 'Maria', 'Monchique', 1);
insert into EventoEmergencia values('911111112', '2018-08-01 09:01:00', 'Paulo', 'Monchique', 1);
insert into EventoEmergencia values('911111113', '2018-08-01 09:02:00', 'Ze', 'Monchique', 1);
insert into EventoEmergencia values('911111114', '2018-08-02 09:00:00', 'Maria', 'Monchique', 2);
insert into EventoEmergencia values('911111115', '2018-08-02 09:01:00', 'Paulo', 'Monchique', 2);
insert into EventoEmergencia values('911111116', '2018-08-02 09:02:00', 'Ze', 'Monchique', 2);
insert into EventoEmergencia values('911111117', '2018-08-03 09:00:00', 'Maria', 'Oliveira do Hospital', 3);
insert into EventoEmergencia values('911111118', '2018-08-03 09:01:00', 'Paulo', 'Oliveira do Hospital', 3);
insert into EventoEmergencia values('911111119', '2018-08-03 09:02:00', 'Ze', 'Oliveira do Hospital', 3);
insert into EventoEmergencia values('911111120', '2018-08-04 09:00:00', 'Maria', 'Lisboa', 4);
insert into EventoEmergencia values('911111121', '2018-08-04 09:01:00', 'Paulo', 'Lisboa', 4);
insert into EventoEmergencia values('911111122', '2018-08-04 09:02:00', 'Ze', 'Lisboa', 4);
insert into EventoEmergencia values('911111123', '2018-08-05 09:00:00', 'Maria', 'Porto', 5);
insert into EventoEmergencia values('911111124', '2018-08-05 09:01:00', 'Paulo', 'Porto', 5);
insert into EventoEmergencia values('911111125', '2018-08-05 09:02:00', 'Ze', 'Porto', 5);
insert into EventoEmergencia values('911111126', '2018-08-06 09:00:00', 'Maria', 'Evora', 6);
insert into EventoEmergencia values('911111127', '2018-08-06 09:01:00', 'Paulo', 'Evora', 6);
insert into EventoEmergencia values('911111128', '2018-08-06 09:02:00', 'Ze', 'Evora', 6);
insert into EventoEmergencia values('911111129', '2018-08-07 09:00:00', 'Maria', 'Coimbra', 7);
insert into EventoEmergencia values('911111130', '2018-08-07 09:01:00', 'Paulo', 'Coimbra', 7);
insert into EventoEmergencia values('911111131', '2018-08-07 09:02:00', 'Ze', 'Coimbra', 7);
insert into EventoEmergencia values('911111132', '2018-08-08 09:00:00', 'Maria', 'Sines', 8);
insert into EventoEmergencia values('911111133', '2018-08-08 09:01:00', 'Paulo', 'Sines', 8);
insert into EventoEmergencia values('911111134', '2018-08-08 09:02:00', 'Ze', 'Sines', 8);
insert into EventoEmergencia values('911111136', '2018-08-09 09:01:00', 'Paulo', 'Albufeira', 9);
insert into EventoEmergencia values('911111135', '2018-08-09 09:00:00', 'Maria', 'Albufeira', 9);
insert into EventoEmergencia values('911111137', '2018-08-09 09:02:00', 'Ze', 'Albufeira', 9);
insert into EventoEmergencia values('911111138', '2018-08-10 09:00:00', 'Maria', 'Viseu', 10);
insert into EventoEmergencia values('911111139', '2018-08-10 09:01:00', 'Paulo', 'Viseu', 10);
insert into EventoEmergencia values('911111140', '2018-08-10 09:02:00', 'Ze', 'Viseu', 10);
insert into EventoEmergencia values('911111141', '2018-08-11 09:00:00', 'Maria', 'Braga', 11);
insert into EventoEmergencia values('911111142', '2018-08-11 09:01:00', 'Paulo', 'Braga', 11);
insert into EventoEmergencia values('911111143', '2018-08-11 09:02:00', 'Ze', 'Braga', 11);
insert into EventoEmergencia values('911111144', '2018-08-12 09:00:00', 'Maria', 'Santa Cruz', 12);
insert into EventoEmergencia values('911111145', '2018-08-12 09:01:00', 'Paulo', 'Santa Cruz', 12);
insert into EventoEmergencia values('911111146', '2018-08-12 09:02:00', 'Ze', 'Santa Cruz', 12);
insert into EventoEmergencia values('911111147', '2018-08-23 09:00:00', 'Maria', 'Tavira', 13);
insert into EventoEmergencia values('911111148', '2018-08-23 09:01:00', 'Paulo', 'Tavira', 13);
insert into EventoEmergencia values('911111149', '2018-08-23 09:02:00', 'Ze', 'Tavira', 13);
insert into EventoEmergencia values('911111150', '2018-08-24 09:00:00', 'Maria', 'Odivelas', 14);
insert into EventoEmergencia values('911111151', '2018-08-24 09:01:00', 'Paulo', 'Odivelas', 14);
insert into EventoEmergencia values('911111152', '2018-08-24 09:02:00', 'Ze', 'Odivelas', 14);
insert into EventoEmergencia values('911111153', '2018-08-25 09:00:00', 'Maria', 'Viana do Castelo', 15);
insert into EventoEmergencia values('911111154', '2018-08-25 09:01:00', 'Paulo', 'Viana do Castelo', 15);
insert into EventoEmergencia values('911111155', '2018-08-25 09:02:00', 'Ze', 'Viana do Castelo', 15);
insert into EventoEmergencia values('911111156', '2018-08-26 09:00:00', 'Maria', 'Portimao', 16);
insert into EventoEmergencia values('911111157', '2018-08-26 09:01:00', 'Paulo', 'Portimao', 16);
insert into EventoEmergencia values('911111158', '2018-08-26 09:02:00', 'Ze', 'Portimao', 16);
insert into EventoEmergencia values('911111159', '2018-08-27 09:00:00', 'Maria', 'Sacavem', 17);
insert into EventoEmergencia values('911111160', '2018-08-27 09:01:00', 'Paulo', 'Sacavem', 17);
insert into EventoEmergencia values('911111161', '2018-08-27 09:02:00', 'Ze', 'Sacavem', 17);
insert into EventoEmergencia values('911111162', '2018-08-28 09:00:00', 'Maria', 'Santarem', 18);
insert into EventoEmergencia values('911111163', '2018-08-28 09:01:00', 'Paulo', 'Santarem', 18);
insert into EventoEmergencia values('911111164', '2018-08-28 09:02:00', 'Ze', 'Santarem', 18);
insert into EventoEmergencia values('911111165', '2018-08-29 09:00:00', 'Maria', 'Queluz', 19);
insert into EventoEmergencia values('911111166', '2018-08-29 09:01:00', 'Paulo', 'Queluz', 19);
insert into EventoEmergencia values('911111167', '2018-08-29 09:02:00', 'Ze', 'Queluz', 20);
insert into EventoEmergencia values('911111168', '2018-08-30 09:00:00', 'Maria', 'Tomar', 21);
insert into EventoEmergencia values('911111169', '2018-08-30 09:01:00', 'Paulo', 'Tomar', 22);
insert into EventoEmergencia values('911111170', '2018-08-30 09:02:00', 'Ze', 'Tomar', 23);
insert into EventoEmergencia values('911111171', '2018-08-31 09:00:00', 'Maria', 'Seixal', 24);
insert into EventoEmergencia values('911111172', '2018-08-31 09:01:00', 'Paulo', 'Seixal', 24);
insert into EventoEmergencia values('911111173', '2018-08-31 09:02:00', 'Ze', 'Seixal', 24);
insert into EventoEmergencia values('911111174', '2018-09-01 09:00:00', 'Maria', 'Ovar', 25);
insert into EventoEmergencia values('911111175', '2018-09-01 09:01:00', 'Paulo', 'Ovar', 25);
insert into EventoEmergencia values('911111176', '2018-09-01 09:02:00', 'Ze', 'Ovar', 25);
insert into EventoEmergencia values('911111177', '2018-09-02 09:00:00', 'Maria', 'Moura', 26);
insert into EventoEmergencia values('911111178', '2018-09-02 09:01:00', 'Paulo', 'Moura', 26);
insert into EventoEmergencia values('911111179', '2018-09-02 09:02:00', 'Ze', 'Moura', 26);
insert into EventoEmergencia values('911111180', '2018-09-03 09:00:00', 'Maria', 'Mealhada', 27);
insert into EventoEmergencia values('911111181', '2018-09-03 09:01:00', 'Paulo', 'Mealhada', 27);
insert into EventoEmergencia values('911111182', '2018-09-03 09:02:00', 'Ze', 'Mealhada', 27);
insert into EventoEmergencia values('911111183', '2018-09-04 09:00:00', 'Maria', 'Leiria', 28);
insert into EventoEmergencia values('911111184', '2018-09-04 09:01:00', 'Paulo', 'Leiria', 28);
insert into EventoEmergencia values('911111185', '2018-09-04 09:02:00', 'Ze', 'Leiria', 28);
insert into EventoEmergencia values('911111186', '2018-09-05 09:00:00', 'Maria', 'Lagoa', 29);
insert into EventoEmergencia values('911111187', '2018-09-05 09:01:00', 'Paulo', 'Lagoa', 29);
insert into EventoEmergencia values('911111188', '2018-09-05 09:02:00', 'Ze', 'Lagoa', 29);
insert into EventoEmergencia values('911111189', '2018-09-06 09:00:00', 'Maria', 'Santana', 31);
insert into EventoEmergencia values('911111190', '2018-09-06 09:01:00', 'Paulo', 'Santana', 32);
insert into EventoEmergencia values('911111191', '2018-09-06 09:02:00', 'Ze', 'Santana', 33);
insert into EventoEmergencia values('911111192', '2018-09-07 09:00:00', 'Maria', 'Lisboa', 34);
insert into EventoEmergencia values('911111193', '2018-09-07 09:01:00', 'Paulo', 'Lisboa', 34);
insert into EventoEmergencia values('911111194', '2018-09-07 09:02:00', 'Ze', 'Lisboa', 34);
insert into EventoEmergencia values('911111195', '2018-09-08 09:00:00', 'Maria', 'Porto', 35);
insert into EventoEmergencia values('911111196', '2018-09-08 09:01:00', 'Paulo', 'Porto', 35);
insert into EventoEmergencia values('911111197', '2018-09-08 09:02:00', 'Ze', 'Porto', 35);
insert into EventoEmergencia values('911111198', '2018-09-09 09:00:00', 'Maria', 'Porto', 36);
insert into EventoEmergencia values('911111199', '2018-09-09 09:01:00', 'Paulo', 'Porto', 36);
insert into EventoEmergencia values('911111100', '2018-09-09 09:02:00', 'Ze', 'Porto', 36);
insert into EventoEmergencia values('911111101', '2018-09-10 09:00:00', 'Maria', 'Coimbra', 37);
insert into EventoEmergencia values('911111102', '2018-09-10 09:01:00', 'Paulo', 'Coimbra', 37);
insert into EventoEmergencia values('911111103', '2018-09-10 09:02:00', 'Ze', 'Coimbra', 37);
insert into EventoEmergencia values('911111104', '2018-09-11 09:00:00', 'Maria', 'Porto', 38);
insert into EventoEmergencia values('911111105', '2018-09-12 09:01:00', 'Paulo', 'Porto', 39);
insert into EventoEmergencia values('911111106', '2018-09-12 09:02:00', 'Ze', 'Porto', 39);
insert into EventoEmergencia values('911111107', '2018-09-12 09:00:00', 'Maria', 'Lisboa', 39);
insert into EventoEmergencia values('911111108', '2018-09-30 09:01:00', 'Paulo', 'Lisboa', 40);
insert into EventoEmergencia values('911111109', '2018-09-30 09:02:00', 'Ze', 'Lisboa', 40);
insert into EventoEmergencia values('911111110', '2018-09-30 09:00:00', 'Maria', 'Lisboa', 40);

insert into Vigia values('Oliveira do Hospital', 1);
insert into Vigia values('Monchique', 2);
insert into Vigia values('Lisboa', 3);
insert into Vigia values('Porto', 4);
insert into Vigia values('Sesimbra', 5);
insert into Vigia values('Evora', 6);
insert into Vigia values('Sines', 7);
insert into Vigia values('Cascais', 8);
insert into Vigia values('Coimbra', 9);
insert into Vigia values('Beja', 10);
insert into Vigia values('Alcacer do Sal', 11);
insert into Vigia values('Funchal', 12);
insert into Vigia values('Ponta Delgada', 13);
insert into Vigia values('Abrantes', 14);
insert into Vigia values('Agueda', 15);
insert into Vigia values('Alcobaca', 16);
insert into Vigia values('Almada', 17);
insert into Vigia values('Almeirim', 18);
insert into Vigia values('Amadora', 19);
insert into Vigia values('Amarante', 20);
insert into Vigia values('Anadia', 21);
insert into Vigia values('Angra do Heroismo', 22);
insert into Vigia values('Aveiro', 23);
insert into Vigia values('Barcelos', 24);
insert into Vigia values('Barreiro', 25);
insert into Vigia values('Caldas da Rainha', 26);
insert into Vigia values('Braga', 27);
insert into Vigia values('Braganca', 28);
insert into Vigia values('Cantanhede', 29);
insert into Vigia values('Cartaxo', 30);
insert into Vigia values('Castelo Branco', 31);
insert into Vigia values('Elvas', 32);
insert into Vigia values('Entroncamento', 33);
insert into Vigia values('Estremoz', 34);
insert into Vigia values('Esposende', 35);
insert into Vigia values('Fafe', 36);
insert into Vigia values('Faro', 37);
insert into Vigia values('Fátima', 38);
insert into Vigia values('Felgueiras', 39);
insert into Vigia values('Figueira da Foz', 40);
insert into Vigia values('Fundão', 41);
insert into Vigia values('Gondomar', 42);
insert into Vigia values('Gouveia', 43);
insert into Vigia values('Guarda', 44);
insert into Vigia values('Guimaraes', 45);
insert into Vigia values('Albufeira', 46);
insert into Vigia values('Ilhavo', 47);
insert into Vigia values('Lagoa', 48);
insert into Vigia values('Lagos', 49);
insert into Vigia values('Lamego', 50);
insert into Vigia values('Leiria', 51);
insert into Vigia values('Loule', 52);
insert into Vigia values('Loures', 53);
insert into Vigia values('Machico', 54);
insert into Vigia values('Maia', 55);
insert into Vigia values('Matosinhos', 56);
insert into Vigia values('Marinha Grande', 57);
insert into Vigia values('Mealhada', 58);
insert into Vigia values('Mirandela', 59);
insert into Vigia values('Montemor', 60);
insert into Vigia values('Montijo', 61);
insert into Vigia values('Moura', 62);
insert into Vigia values('Odivelas', 63);
insert into Vigia values('Ourem', 64);
insert into Vigia values('Ovar', 65);
insert into Vigia values('Pacos de Ferreira', 66);
insert into Vigia values('Penafiel', 67);
insert into Vigia values('Peniche', 68);
insert into Vigia values('Peso da Regua', 69);
insert into Vigia values('Ponte de Sor', 70);
insert into Vigia values('Portalegre', 71);
insert into Vigia values('Portimao', 72);
insert into Vigia values('Povoa de Santa Iria', 73);
insert into Vigia values('Povoa do Varzim', 74);
insert into Vigia values('Praia da Vitoria', 75);
insert into Vigia values('Quarteira', 76);
insert into Vigia values('Queluz', 77);
insert into Vigia values('Rio Maior', 78);
insert into Vigia values('Ribeira Grande', 79);
insert into Vigia values('Sabugal', 80);
insert into Vigia values('Sacavem', 81);
insert into Vigia values('Rebordosa', 82);
insert into Vigia values('Santa Cruz', 83);
insert into Vigia values('Santa Maria da Feira', 84);
insert into Vigia values('Santana', 85);
insert into Vigia values('Santarem', 86);
insert into Vigia values('Santiago do Cacem', 87);
insert into Vigia values('Santo Tirso', 88);
insert into Vigia values('Sao Joao da Madeira', 89);
insert into Vigia values('Sao Pedro do Sul', 90);
insert into Vigia values('Seia', 91);
insert into Vigia values('Seixal', 92);
insert into Vigia values('Tavira', 93);
insert into Vigia values('Tomar', 94);
insert into Vigia values('Viana do Castelo', 95);
insert into Vigia values('Vila Franca de Xira', 96);
insert into Vigia values('Viseu', 97);
insert into Vigia values('Vila Nova de Gaia', 98);
insert into Vigia values('Vila do Conde', 99);
insert into Vigia values('Vizela', 100);

insert into EntidadeMeio values ('Bombeiros Sapadores');
insert into EntidadeMeio values ('Cavalaria');
insert into EntidadeMeio values ('Forca Aerea');
insert into EntidadeMeio values ('Policia');
insert into EntidadeMeio values ('Municipios');
insert into EntidadeMeio values ('Administracao Militar');
insert into EntidadeMeio values ('Infataria');
insert into EntidadeMeio values ('Artilharia');
insert into EntidadeMeio values ('Servicos Gerais');
insert into EntidadeMeio values ('Transmissoes');
insert into EntidadeMeio values ('Transportes do Exercito');
insert into EntidadeMeio values ('Engenharia do Exercito');
insert into EntidadeMeio values ('Material do Exercito');
insert into EntidadeMeio values ('Saude do Exercito');
insert into EntidadeMeio values ('Secretariado do Exercito');
insert into EntidadeMeio values ('Comandos');
insert into EntidadeMeio values ('Formadores');
insert into EntidadeMeio values ('Operacionais');
insert into EntidadeMeio values ('Especialistas de Salvamento');
insert into EntidadeMeio values ('Mergulhadores');
insert into EntidadeMeio values ('Paraquedistas');
insert into EntidadeMeio values ('Bombeiros Voluntarios');
insert into EntidadeMeio values ('Pilotos Aviadores');
insert into EntidadeMeio values ('Engenheiros Electrotecnicos');
insert into EntidadeMeio values ('Engenheiros Aerodromos');
insert into EntidadeMeio values ('Administracao Aeronautica');
insert into EntidadeMeio values ('Engenheiros Aeronauticos');
insert into EntidadeMeio values ('Medicos');
insert into EntidadeMeio values ('Operacoes Aereas');
insert into EntidadeMeio values ('Metereologia');
insert into EntidadeMeio values ('Comunicacoes');
insert into EntidadeMeio values ('Eletrotecnica');
insert into EntidadeMeio values ('Eletronica');
insert into EntidadeMeio values ('Logistica');
insert into EntidadeMeio values ('Condutores Auto');
insert into EntidadeMeio values ('Clarins');
insert into EntidadeMeio values ('Musicos');
insert into EntidadeMeio values ('Manutencao Automovel');
insert into EntidadeMeio values ('Manutencao da Aeronaves');
insert into EntidadeMeio values ('Informatica');
insert into EntidadeMeio values ('Navegadores');
insert into EntidadeMeio values ('Policia Aerea');
insert into EntidadeMeio values ('Comandos Operacionais');
insert into EntidadeMeio values ('GNR');
insert into EntidadeMeio values ('Comandos Territoriais');
insert into EntidadeMeio values ('Direcao de Infraestruturas');
insert into EntidadeMeio values ('Direcao de Administracao e Saude');
insert into EntidadeMeio values ('Unidade de Apoio ao Doente');
insert into EntidadeMeio values ('Bombeiros Mistos');
insert into EntidadeMeio values ('Bombeiros Civis');
insert into EntidadeMeio values ('Bombeiros Militares');
insert into EntidadeMeio values ('Bombeiros Especialistas');
insert into EntidadeMeio values ('Corpo da Guarda Prisional');
insert into EntidadeMeio values ('Guarda Florestal');
insert into EntidadeMeio values ('Guarda Noturno');
insert into EntidadeMeio values ('Policia Aeronautica');
insert into EntidadeMeio values ('Policia Civil');
insert into EntidadeMeio values ('Policia de Investigacao Criminal');
insert into EntidadeMeio values ('Policia de Seguranca Publica');
insert into EntidadeMeio values ('Policia do Exercito');
insert into EntidadeMeio values ('Policia Judiciaria');
insert into EntidadeMeio values ('Policia Judiciaria Municipal');
insert into EntidadeMeio values ('Policia Florestal');
insert into EntidadeMeio values ('Policia Municipal');
insert into EntidadeMeio values ('Policia Naval');
insert into EntidadeMeio values ('Policia de Viacao');
insert into EntidadeMeio values ('Policia de Vigilancia');
insert into EntidadeMeio values ('Quadrilheiros');
insert into EntidadeMeio values ('Sevico de Estrangeiros e Fronteiras');
insert into EntidadeMeio values ('Sistema de Autoridade Maritima');
insert into EntidadeMeio values ('Defesa Antiaerea');
insert into EntidadeMeio values ('Aviacao Militar');
insert into EntidadeMeio values ('Marinha');
insert into EntidadeMeio values ('Forcas Especiais');
insert into EntidadeMeio values ('Tropas de Montanha');
insert into EntidadeMeio values ('Sargentos');
insert into EntidadeMeio values ('Oficiais');
insert into EntidadeMeio values ('Atiradores Aereos');
insert into EntidadeMeio values ('Fuzileiros');
insert into EntidadeMeio values ('Precursores Aeroterrestres');
insert into EntidadeMeio values ('Prova de Choque');
insert into EntidadeMeio values ('Comandos Navais');
insert into EntidadeMeio values ('Medicos Bombeiros');
insert into EntidadeMeio values ('Segurança Privada');
insert into EntidadeMeio values ('Bombeiros Corpo Privado');
insert into EntidadeMeio values ('Bombeiros Especializados');
insert into EntidadeMeio values ('Bombeiros Legistas');
insert into EntidadeMeio values ('Medicos Legistas');
insert into EntidadeMeio values ('Policia Rodoviaria');
insert into EntidadeMeio values ('Policia Escola Segura');
insert into EntidadeMeio values ('Brigada de Bombas e Minas');
insert into EntidadeMeio values ('Brigada de Seguranca Publica');
insert into EntidadeMeio values ('FBI');
insert into EntidadeMeio values ('M16');
insert into EntidadeMeio values ('CIA');
insert into EntidadeMeio values ('Exercito UE');
insert into EntidadeMeio values ('DAE');
insert into EntidadeMeio values ('Atiradores Terrestres');
insert into EntidadeMeio values ('Atiradores Nauticos');
insert into EntidadeMeio values ('INTERPOL');

insert into SegmentoVideo values(1,'00:00:30','2018-08-04 08:00:00', 2);
insert into SegmentoVideo values(2,'00:00:30','2018-08-04 08:00:00', 2);
insert into SegmentoVideo values(3,'00:00:30','2018-08-04 08:00:00', 2);
insert into SegmentoVideo values(4,'00:00:30','2018-08-04 08:00:00', 2);
insert into SegmentoVideo values(5,'00:00:30','2018-08-04 08:00:00', 2);
insert into SegmentoVideo values(6,'00:00:30','2018-08-04 08:00:00', 2);
insert into SegmentoVideo values(7,'00:00:30','2018-08-04 08:00:00', 2);
insert into SegmentoVideo values(8,'00:00:30','2018-08-04 08:00:00', 2);
insert into SegmentoVideo values(9,'00:00:30','2018-08-04 08:00:00', 2);
insert into SegmentoVideo values(10,'00:00:30','2018-08-04 08:00:00', 2);
insert into SegmentoVideo values(11,'00:00:30', '2018-09-05 08:00:00', 3);
insert into SegmentoVideo values(12,'00:00:30', '2018-09-05 08:00:00', 3);
insert into SegmentoVideo values(13,'00:00:30', '2018-09-05 08:00:00', 3);
insert into SegmentoVideo values(14,'00:00:30', '2018-09-05 08:00:00', 3);
insert into SegmentoVideo values(15,'00:00:30', '2018-09-05 08:00:00', 3);
insert into SegmentoVideo values(16,'00:00:30', '2018-09-05 08:00:00', 3);
insert into SegmentoVideo values(17,'00:00:30', '2018-09-05 08:00:00', 3);
insert into SegmentoVideo values(18,'00:00:30', '2018-09-05 08:00:00', 3);
insert into SegmentoVideo values(19,'00:00:30', '2018-09-05 08:00:00', 3);
insert into SegmentoVideo values(20,'00:00:30', '2018-09-05 08:00:00', 3);
insert into SegmentoVideo values(21,'00:00:30', '2018-09-05 08:00:00', 3);
insert into SegmentoVideo values(22,'00:00:30', '2018-09-05 08:00:00', 3);
insert into SegmentoVideo values(23,'00:00:30', '2018-09-05 08:00:00', 3);
insert into SegmentoVideo values(24,'00:00:30', '2018-09-05 08:00:00', 3);
insert into SegmentoVideo values(25,'00:00:30', '2018-09-05 08:00:00', 3);
insert into SegmentoVideo values(26,'00:01:00', '2018-09-23 08:00:00', 100);
insert into SegmentoVideo values(27,'00:01:00', '2018-09-23 08:00:00', 100);
insert into SegmentoVideo values(28,'00:01:00', '2018-09-23 08:00:00', 100);
insert into SegmentoVideo values(29,'00:01:00', '2018-09-23 08:00:00', 100);
insert into SegmentoVideo values(30,'00:01:00', '2018-09-23 08:00:00', 100);
insert into SegmentoVideo values(31,'00:01:00', '2018-09-23 08:00:00', 100);
insert into SegmentoVideo values(32,'00:01:00', '2018-09-23 08:00:00', 100);
insert into SegmentoVideo values(33,'00:01:00', '2018-09-23 08:00:00', 100);
insert into SegmentoVideo values(34,'00:01:00', '2018-09-23 08:00:00', 100);
insert into SegmentoVideo values(35,'00:01:00', '2018-09-23 08:00:00', 100);
insert into SegmentoVideo values(36,'00:01:00', '2018-10-04 08:00:00', 4);
insert into SegmentoVideo values(37,'00:01:00', '2018-10-04 08:00:00', 4);
insert into SegmentoVideo values(38,'00:01:00', '2018-10-04 08:00:00', 4);
insert into SegmentoVideo values(39,'00:01:00', '2018-10-04 08:00:00', 4);
insert into SegmentoVideo values(40,'00:01:00', '2018-10-04 08:00:00', 4);
insert into SegmentoVideo values(41,'00:01:00', '2018-10-04 08:00:00', 4);
insert into SegmentoVideo values(42,'00:01:00', '2018-10-04 08:00:00', 4);
insert into SegmentoVideo values(43,'00:01:00', '2018-10-04 08:00:00', 4);
insert into SegmentoVideo values(44,'00:01:00', '2018-10-04 08:00:00', 4);
insert into SegmentoVideo values(45,'00:01:00', '2018-10-04 08:00:00', 4);
insert into SegmentoVideo values(46,'00:01:00', '2018-10-04 08:00:00', 4);
insert into SegmentoVideo values(47,'00:01:00', '2018-10-04 08:00:00', 4);
insert into SegmentoVideo values(48,'00:01:00', '2018-10-04 08:00:00', 4);
insert into SegmentoVideo values(49,'00:01:00', '2018-10-04 08:00:00', 4);
insert into SegmentoVideo values(50,'00:01:00', '2018-10-04 08:00:00', 4);
insert into SegmentoVideo values(51,'00:01:30', '2018-08-30 08:00:00', 2);
insert into SegmentoVideo values(52,'00:01:30', '2018-08-30 08:00:00', 2);
insert into SegmentoVideo values(53,'00:01:30', '2018-08-30 08:00:00', 2);
insert into SegmentoVideo values(54,'00:01:30', '2018-08-30 08:00:00', 2);
insert into SegmentoVideo values(55,'00:01:30', '2018-08-30 08:00:00', 2);
insert into SegmentoVideo values(56,'00:01:30', '2018-08-30 08:00:00', 2);
insert into SegmentoVideo values(57,'00:01:30', '2018-08-30 08:00:00', 2);
insert into SegmentoVideo values(58,'00:01:30', '2018-08-30 08:00:00', 2);
insert into SegmentoVideo values(59,'00:01:30', '2018-08-30 08:00:00', 2);
insert into SegmentoVideo values(60,'00:01:30', '2018-08-30 08:00:00', 2);
insert into SegmentoVideo values(61,'00:01:30', '2018-08-01	08:00:00', 2);
insert into SegmentoVideo values(62,'00:01:30', '2018-08-01	08:00:00', 2);
insert into SegmentoVideo values(63,'00:01:30', '2018-08-01	08:00:00', 2);
insert into SegmentoVideo values(64,'00:01:30', '2018-08-01	08:00:00', 2);
insert into SegmentoVideo values(65,'00:01:30', '2018-08-01	08:00:00', 2);
insert into SegmentoVideo values(66,'00:01:30', '2018-08-01	08:00:00', 2);
insert into SegmentoVideo values(67,'00:01:30', '2018-08-01	08:00:00', 2);
insert into SegmentoVideo values(68,'00:01:30', '2018-08-01	08:00:00', 2);
insert into SegmentoVideo values(69,'00:01:30', '2018-08-01	08:00:00', 2);
insert into SegmentoVideo values(70,'00:01:30', '2018-08-01	08:00:00', 2);
insert into SegmentoVideo values(71,'00:01:30', '2018-08-01	08:00:00', 2);
insert into SegmentoVideo values(72,'00:01:30', '2018-08-01	08:00:00', 2);
insert into SegmentoVideo values(73,'00:01:30', '2018-08-01	08:00:00', 2);
insert into SegmentoVideo values(74,'00:01:30', '2018-08-01	08:00:00', 2);
insert into SegmentoVideo values(75,'00:01:30', '2018-08-01	08:00:00', 2);
insert into SegmentoVideo values(76,'00:02:00', '2019-09-12 08:00:00', 5);
insert into SegmentoVideo values(77,'00:02:00', '2019-09-12 08:00:00', 5);
insert into SegmentoVideo values(78,'00:02:00', '2019-09-12 08:00:00', 5);
insert into SegmentoVideo values(79,'00:02:00', '2019-09-12 08:00:00', 5);
insert into SegmentoVideo values(80,'00:02:00', '2019-09-12 08:00:00', 5);
insert into SegmentoVideo values(81,'00:02:00', '2019-09-12 08:00:00', 5);
insert into SegmentoVideo values(82,'00:02:00', '2019-09-12 08:00:00', 5);
insert into SegmentoVideo values(83,'00:02:00', '2019-09-12 08:00:00', 5);
insert into SegmentoVideo values(84,'00:02:00', '2019-09-12 08:00:00', 5);
insert into SegmentoVideo values(85,'00:02:00', '2019-09-12 08:00:00', 5);
insert into SegmentoVideo values(86,'00:02:00', '2019-09-12 08:00:00', 5);
insert into SegmentoVideo values(87,'00:02:00', '2019-09-12 08:00:00', 5);
insert into SegmentoVideo values(88,'00:02:00', '2019-09-12 08:00:00', 5);
insert into SegmentoVideo values(89,'00:02:00', '2019-09-12 08:00:00', 5);
insert into SegmentoVideo values(90,'00:02:00', '2019-09-12 08:00:00', 5);
insert into SegmentoVideo values(91,'00:02:00', '2019-09-12 08:00:00', 5);
insert into SegmentoVideo values(92,'00:02:00', '2019-09-12 08:00:00', 5);
insert into SegmentoVideo values(93,'00:02:00', '2019-09-12 08:00:00', 5);
insert into SegmentoVideo values(94,'00:02:00', '2019-09-12 08:00:00', 5);
insert into SegmentoVideo values(95,'00:02:00', '2019-09-12 08:00:00', 5);
insert into SegmentoVideo values(96,'00:02:00', '2019-09-12 08:00:00', 5);
insert into SegmentoVideo values(97,'00:02:00', '2019-09-12 08:00:00', 5);
insert into SegmentoVideo values(98,'00:02:00', '2019-09-12 08:00:00', 5);
insert into SegmentoVideo values(99,'00:02:00', '2019-09-12 08:00:00', 5);
insert into SegmentoVideo values(100,'00:02:00', '2019-09-12 08:00:00', 5);

insert into Meio values(1, 'PSP Santana','Policia de Seguranca Publica');
insert into Meio values(2, 'PSP Santa Cruz','Policia de Seguranca Publica');
insert into Meio values(3, 'PSP Santa Maria da Feira','Policia de Seguranca Publica');
insert into Meio values(4, 'PSP Arroios', 'Policia de Seguranca Publica');
insert into Meio values(5, 'PSP Alameda', 'Policia de Seguranca Publica');
insert into Meio values(6, 'PSP Avenidas Novas', 'Policia de Seguranca Publica');
insert into Meio values(7, 'PSP Sao Joao de Deus', 'Policia de Seguranca Publica');
insert into Meio values(8, 'PSP Santa Maria Maior', 'Policia de Seguranca Publica');
insert into Meio values(9, 'PSP Telheiras', 'Policia de Seguranca Publica');
insert into Meio values(10, 'PSP Campo Grande', 'Policia de Seguranca Publica');
insert into Meio values(11, 'PSP Marques de Pombal', 'Policia de Seguranca Publica');
insert into Meio values(12, 'PSP Roma', 'Policia de Seguranca Publica');
insert into Meio values(13, 'PSP Areeiro', 'Policia de Seguranca Publica');
insert into Meio values(14, 'PSP Bacelo', 'Policia de Seguranca Publica');
insert into Meio values(15, 'PSP Malagueira', 'Policia de Seguranca Publica');
insert into Meio values(16, 'PSP Aliados', 'Policia de Seguranca Publica');
insert into Meio values(17, 'PSP Camacha', 'Policia de Seguranca Publica');
insert into Meio values(18, 'PSP Calheta', 'Policia de Seguranca Publica');
insert into Meio values(19, 'PSP Quarteira', 'Policia de Seguranca Publica');
insert into Meio values(20, 'PSP Albufeira', 'Policia de Seguranca Publica');
insert into Meio values(21, 'BS Albufeira', 'Bombeiros Sapadores');
insert into Meio values(22, 'BS Vale do Lobo', 'Bombeiros Sapadores');
insert into Meio values(23, 'BS Roma', 'Bombeiros Sapadores');
insert into Meio values(24, 'BS Areeiro', 'Bombeiros Sapadores');
insert into Meio values(25, 'BS Saldanha', 'Bombeiros Sapadores');
insert into Meio values(26, 'BS Marques de Pombal', 'Bombeiros Sapadores');
insert into Meio values(27, 'BS Picoas', 'Bombeiros Sapadores');
insert into Meio values(28, 'BS Odivelas', 'Bombeiros Sapadores');
insert into Meio values(29, 'BS Campo Pequeno', 'Bombeiros Sapadores');
insert into Meio values(30, 'BS Rossio', 'Bombeiros Sapadores');
insert into Meio values(31, 'BS Chiado', 'Bombeiros Sapadores');
insert into Meio values(32, 'BS Arroios', 'Bombeiros Sapadores');
insert into Meio values(33, 'BS Aliados', 'Bombeiros Sapadores');
insert into Meio values(34, 'BS Amadora', 'Bombeiros Sapadores');
insert into Meio values(35, 'BS Senhor Roubado', 'Bombeiros Sapadores');
insert into Meio values(36, 'BS Damaia', 'Bombeiros Sapadores');
insert into Meio values(37, 'BS Telheiras', 'Bombeiros Sapadores');
insert into Meio values(38, 'BS Olaias', 'Bombeiros Sapadores');
insert into Meio values(39, 'BS Moscavide', 'Bombeiros Sapadores');
insert into Meio values(40, 'BS Campo de Ourique', 'Bombeiros Sapadores');
insert into Meio values(41, 'BS Estrela', 'Bombeiros Voluntarios');
insert into Meio values(42, 'BV Beja','Bombeiros Voluntarios');
insert into Meio values(43, 'BV Viseu','Bombeiros Voluntarios');
insert into Meio values(44, 'BV Santo Tirso','Bombeiros Voluntarios');
insert into Meio values(45, 'BV Aveiro','Bombeiros Voluntarios');
insert into Meio values(46, 'BV Leiria','Bombeiros Voluntarios');
insert into Meio values(47, 'BV Alcobaca','Bombeiros Voluntarios');
insert into Meio values(48, 'BV Santa Cruz','Bombeiros Voluntarios');
insert into Meio values(49, 'BV Santarem','Bombeiros Voluntarios');
insert into Meio values(50, 'BV Sacavem','Bombeiros Voluntarios');
insert into Meio values(51, 'BV Seixal','Bombeiros Voluntarios');
insert into Meio values(52, 'BV Funchal','Bombeiros Voluntarios');
insert into Meio values(53, 'BV Seia','Bombeiros Voluntarios');
insert into Meio values(54, 'BV Torres Novas','Bombeiros Voluntarios');
insert into Meio values(55, 'BV Calheta','Bombeiros Voluntarios');
insert into Meio values(56, 'BV Ponta Delgada','Bombeiros Voluntarios');
insert into Meio values(57, 'BV Terceira','Bombeiros Voluntarios');
insert into Meio values(58, 'BV Pico','Bombeiros Voluntarios');
insert into Meio values(59, 'BV Odemira','Bombeiros Voluntarios');
insert into Meio values(60, 'BV Mealhada','Bombeiros Voluntarios');
insert into Meio values(61, 'ES Porto','Especialistas de Salvamento');
insert into Meio values(62, 'ES Lisboa','Especialistas de Salvamento');
insert into Meio values(63, 'ES Braga','Especialistas de Salvamento');
insert into Meio values(64, 'ES Faro','Especialistas de Salvamento');
insert into Meio values(65, 'ES Evora','Especialistas de Salvamento');
insert into Meio values(66, 'ES Madeira','Especialistas de Salvamento');
insert into Meio values(67, 'ES Acores','Especialistas de Salvamento');
insert into Meio values(68, 'ES Lagoa','Especialistas de Salvamento');
insert into Meio values(69, 'ES Santarem','Especialistas de Salvamento');
insert into Meio values(70, 'ES Coimbra','Especialistas de Salvamento');
insert into Meio values(71, 'ES Almada','Especialistas de Salvamento');
insert into Meio values(72, 'ES Setubal','Especialistas de Salvamento');
insert into Meio values(73, 'ES Leiria','Especialistas de Salvamento');
insert into Meio values(74, 'ES Aveiro','Especialistas de Salvamento');
insert into Meio values(75, 'ES Maia','Especialistas de Salvamento');
insert into Meio values(76, 'ES Beja','Especialistas de Salvamento');
insert into Meio values(77, 'ES Braganca','Especialistas de Salvamento');
insert into Meio values(78, 'ES Minho','Especialistas de Salvamento');
insert into Meio values(79, 'ES Portalegre','Especialistas de Salvamento');
insert into Meio values(80, 'ES Cascais','Especialistas de Salvamento');
insert into Meio values(81, 'PF Lisboa','Policia Florestal');
insert into Meio values(82, 'PF Porto','Policia Florestal');
insert into Meio values(83, 'PF Acores','Policia Florestal');
insert into Meio values(84, 'PF Lagoa','Policia Florestal');
insert into Meio values(85, 'PF Maia','Policia Florestal');
insert into Meio values(86, 'PF Beja','Policia Florestal');
insert into Meio values(87, 'PF Braganca','Policia Florestal');
insert into Meio values(88, 'PF Minho','Policia Florestal');
insert into Meio values(89, 'PF Portalegre','Policia Florestal');
insert into Meio values(90, 'PF Cascais','Policia Florestal');
insert into Meio values(91, 'PF Santarem','Policia Florestal');
insert into Meio values(92, 'PF Coimbra','Policia Florestal');
insert into Meio values(93, 'PF Almada','Policia Florestal');
insert into Meio values(94, 'PF Setubal','Policia Florestal');
insert into Meio values(95, 'PF Leiria','Policia Florestal');
insert into Meio values(96, 'PF Aveiro','Policia Florestal');
insert into Meio values(97, 'PF Braga','Policia Florestal');
insert into Meio values(98, 'PF Faro','Policia Florestal');
insert into Meio values(99, 'PF Madeira','Policia Florestal');
insert into Meio values(100,'PF Monsanto','Policia Florestal');
insert into Meio values(101, 'BC Lisboa', 'Bombeiros Civis');
insert into Meio values(102, 'BC Porto', 'Bombeiros Civis');
insert into Meio values(103, 'BC Acores', 'Bombeiros Civis');
insert into Meio values(104, 'BC Lagoa', 'Bombeiros Civis');
insert into Meio values(105, 'BC Maia', 'Bombeiros Civis');
insert into Meio values(106, 'BC Beja', 'Bombeiros Civis');
insert into Meio values(107, 'BC Braganca', 'Bombeiros Civis');
insert into Meio values(108, 'BC Minho', 'Bombeiros Civis');
insert into Meio values(109, 'BC Portalegre', 'Bombeiros Civis');
insert into Meio values(110, 'BC Cascais', 'Bombeiros Civis');
insert into Meio values(111, 'BC Santarem', 'Bombeiros Civis');
insert into Meio values(112, 'BC Coimbra', 'Bombeiros Civis');
insert into Meio values(113, 'BC Almada', 'Bombeiros Civis');
insert into Meio values(114, 'BC Setubal', 'Bombeiros Civis');
insert into Meio values(115, 'BC Leiria', 'Bombeiros Civis');
insert into Meio values(116, 'BC Aveiro', 'Bombeiros Civis');
insert into Meio values(117, 'BC Braga', 'Bombeiros Civis');
insert into Meio values(118, 'BC Faro', 'Bombeiros Civis');
insert into Meio values(119, 'BC Madeira', 'Bombeiros Civis');
insert into Meio values(120, 'BC Monsanto', 'Bombeiros Civis');
insert into Meio values(121, 'PM Lisboa', 'Policia Municipal');
insert into Meio values(122, 'PM Porto', 'Policia Municipal');
insert into Meio values(123, 'PM Acores', 'Policia Municipal');
insert into Meio values(124, 'PM Lagoa', 'Policia Municipal');
insert into Meio values(125, 'PM Maia', 'Policia Municipal');
insert into Meio values(126, 'PM Beja', 'Policia Municipal');
insert into Meio values(127, 'PM Braganca', 'Policia Municipal');
insert into Meio values(128, 'PM Minho', 'Policia Municipal');
insert into Meio values(129, 'PM Portalegre', 'Policia Municipal');
insert into Meio values(130, 'PM Cascais', 'Policia Municipal');
insert into Meio values(131, 'PM Santarem', 'Policia Municipal');
insert into Meio values(132, 'PM Coimbra', 'Policia Municipal');
insert into Meio values(133, 'PM Almada', 'Policia Municipal');
insert into Meio values(134, 'PM Setubal', 'Policia Municipal');
insert into Meio values(135, 'PM Leiria', 'Policia Municipal');
insert into Meio values(136, 'PM Aveiro', 'Policia Municipal');
insert into Meio values(137, 'PM Braga', 'Policia Municipal');
insert into Meio values(138, 'PM Faro', 'Policia Municipal');
insert into Meio values(139, 'PM Madeira', 'Policia Municipal');
insert into Meio values(140, 'PM Monsanto', 'Policia Municipal');
insert into Meio values(141, 'GNR Lisboa', 'GNR');
insert into Meio values(142, 'GNR Porto', 'GNR');
insert into Meio values(143, 'GNR Acores', 'GNR');
insert into Meio values(144, 'GNR Lagoa', 'GNR');
insert into Meio values(145, 'GNR Maia', 'GNR');
insert into Meio values(146, 'GNR Beja', 'GNR');
insert into Meio values(147, 'GNR Braganca', 'GNR');
insert into Meio values(148, 'GNR Minho', 'GNR');
insert into Meio values(149, 'GNR Portalegre', 'GNR');
insert into Meio values(150, 'GNR Cascais', 'GNR');
insert into Meio values(151, 'GNR Santarem', 'GNR');
insert into Meio values(152, 'GNR Coimbra', 'GNR');
insert into Meio values(153, 'GNR Almada', 'GNR');
insert into Meio values(154, 'GNR Setubal', 'GNR');
insert into Meio values(155, 'GNR Leiria', 'GNR');
insert into Meio values(156, 'GNR Aveiro', 'GNR');
insert into Meio values(157, 'GNR Braga', 'GNR');
insert into Meio values(158, 'GNR Faro', 'GNR');
insert into Meio values(159, 'GNR Madeira', 'GNR');
insert into Meio values(160, 'GNR Monsanto', 'GNR');
insert into Meio values(161, 'Mu Abrantes', 'Municipios');
insert into Meio values(162, 'Mu Albufeira', 'Municipios');
insert into Meio values(163, 'Mu Alcobaca', 'Municipios');
insert into Meio values(164, 'Mu Alcochete', 'Municipios');
insert into Meio values(165, 'Mu Alcoutim', 'Municipios');
insert into Meio values(166, 'Mu Baiao', 'Municipios');
insert into Meio values(167, 'Mu Barcelos', 'Municipios');
insert into Meio values(168, 'Mu Barreiro', 'Municipios');
insert into Meio values(169, 'Mu Beja', 'Municipios');
insert into Meio values(170, 'Mu Benavente', 'Municipios');
insert into Meio values(171, 'Mu Borba', 'Municipios');
insert into Meio values(172, 'Mu Boticas', 'Municipios');
insert into Meio values(173, 'Mu Cartaxo', 'Municipios');
insert into Meio values(174, 'Mu Cascais', 'Municipios');
insert into Meio values(175, 'Mu Chaves', 'Municipios');
insert into Meio values(176, 'Mu Coimbra', 'Municipios');
insert into Meio values(177, 'Mu Corvo', 'Municipios');
insert into Meio values(178, 'Mu Fafe', 'Municipios');
insert into Meio values(179, 'Mu Faro', 'Municipios');
insert into Meio values(180, 'Mu Felgueiras', 'Municipios');
insert into Meio values(181, 'PA Lisboa', 'Policia Aerea');
insert into Meio values(182, 'PA Porto', 'Policia Aerea');
insert into Meio values(183, 'PA Acores', 'Policia Aerea');
insert into Meio values(184, 'PA Lagoa', 'Policia Aerea');
insert into Meio values(185, 'PA Maia', 'Policia Aerea');
insert into Meio values(186, 'PA Beja', 'Policia Aerea');
insert into Meio values(187, 'PA Braganca', 'Policia Aerea');
insert into Meio values(188, 'PA Minho', 'Policia Aerea');
insert into Meio values(189, 'PA Portalegre', 'Policia Aerea');
insert into Meio values(190, 'PA Cascais', 'Policia Aerea');
insert into Meio values(191, 'PA Santarem', 'Policia Aerea');
insert into Meio values(192, 'PA Coimbra', 'Policia Aerea');
insert into Meio values(193, 'PA Almada', 'Policia Aerea');
insert into Meio values(194, 'PA Setubal', 'Policia Aerea');
insert into Meio values(195, 'PA Leiria', 'Policia Aerea');
insert into Meio values(196, 'PA Aveiro', 'Policia Aerea');
insert into Meio values(197, 'PA Braga', 'Policia Aerea');
insert into Meio values(198, 'PA Faro', 'Policia Aerea');
insert into Meio values(199, 'PA Madeira', 'Policia Aerea');
insert into Meio values(200, 'PA Monsanto', 'Policia Aerea');
insert into Meio values(201, 'OA Lisboa', 'Operacoes Aereas');
insert into Meio values(202, 'OA Porto', 'Operacoes Aereas');
insert into Meio values(203, 'OA Acores', 'Operacoes Aereas');
insert into Meio values(204, 'OA Lagoa', 'Operacoes Aereas');
insert into Meio values(205, 'OA Maia', 'Operacoes Aereas');
insert into Meio values(206, 'OA Beja', 'Operacoes Aereas');
insert into Meio values(207, 'OA Braganca', 'Operacoes Aereas');
insert into Meio values(208, 'OA Minho', 'Operacoes Aereas');
insert into Meio values(209, 'OA Portalegre', 'Operacoes Aereas');
insert into Meio values(210, 'OA Cascais', 'Operacoes Aereas');
insert into Meio values(211, 'OA Santarem', 'Operacoes Aereas');
insert into Meio values(212, 'OA Coimbra', 'Operacoes Aereas');
insert into Meio values(213, 'OA Almada', 'Operacoes Aereas');
insert into Meio values(214, 'OA Setubal', 'Operacoes Aereas');
insert into Meio values(215, 'OA Leiria', 'Operacoes Aereas');
insert into Meio values(216, 'OA Aveiro', 'Operacoes Aereas');
insert into Meio values(217, 'OA Braga', 'Operacoes Aereas');
insert into Meio values(218, 'BSP Lisboa', 'Brigada de Seguranca Publica');
insert into Meio values(219, 'BSP Porto', 'Brigada de Seguranca Publica');
insert into Meio values(220, 'BSP Acores', 'Brigada de Seguranca Publica');
insert into Meio values(221, 'BSP Lagoa', 'Brigada de Seguranca Publica');
insert into Meio values(222, 'BSP Maia', 'Brigada de Seguranca Publica');
insert into Meio values(223, 'BSP Beja', 'Brigada de Seguranca Publica');
insert into Meio values(224, 'BSP Braganca', 'Brigada de Seguranca Publica');
insert into Meio values(225, 'BSP Minho', 'Brigada de Seguranca Publica');
insert into Meio values(226, 'BSP Portalegre', 'Brigada de Seguranca Publica');
insert into Meio values(227, 'BSP Cascais', 'Brigada de Seguranca Publica');
insert into Meio values(228, 'BSP Santarem', 'Brigada de Seguranca Publica');
insert into Meio values(229, 'BSP Coimbra', 'Brigada de Seguranca Publica');
insert into Meio values(230, 'BSP Almada', 'Brigada de Seguranca Publica');
insert into Meio values(231, 'BSP Setubal', 'Brigada de Seguranca Publica');
insert into Meio values(232, 'BSP Leiria', 'Brigada de Seguranca Publica');
insert into Meio values(233, 'BSP Aveiro', 'Brigada de Seguranca Publica');
insert into Meio values(234, 'BSP Braga', 'Brigada de Seguranca Publica');
insert into Meio values(235, 'BSP Faro', 'Brigada de Seguranca Publica');
insert into Meio values(236, 'BSP Madeira', 'Brigada de Seguranca Publica');
insert into Meio values(237, 'BSP Monsanto', 'Brigada de Seguranca Publica');
insert into Meio values(238, 'BSP Covilha', 'Brigada de Seguranca Publica');
insert into Meio values(239, 'BSP Castelo Branco', 'Brigada de Seguranca Publica');
insert into Meio values(240, 'BSP Viana do Castelo', 'Brigada de Seguranca Publica');
insert into Meio values(241, 'Op Lisboa', 'Operacionais');
insert into Meio values(242, 'Op Porto', 'Operacionais');
insert into Meio values(243, 'Op Acores', 'Operacionais');
insert into Meio values(244, 'Op Lagoa', 'Operacionais');
insert into Meio values(245, 'Op Maia', 'Operacionais');
insert into Meio values(246, 'Op Beja', 'Operacionais');
insert into Meio values(247, 'Op Braganca', 'Operacionais');
insert into Meio values(248, 'Op Minho', 'Operacionais');
insert into Meio values(249, 'Op Portalegre', 'Operacionais');
insert into Meio values(250, 'Op Cascais', 'Operacionais');
insert into Meio values(251, 'Op Santarem', 'Operacionais');
insert into Meio values(252, 'Op Coimbra', 'Operacionais');
insert into Meio values(253, 'Op Almada', 'Operacionais');
insert into Meio values(254, 'Op Setubal', 'Operacionais');
insert into Meio values(255, 'Op Leiria', 'Operacionais');
insert into Meio values(256, 'Op Aveiro', 'Operacionais');
insert into Meio values(257, 'Op Braga', 'Operacionais');
insert into Meio values(258, 'Op Faro', 'Operacionais');
insert into Meio values(259, 'Op Madeira', 'Operacionais');
insert into Meio values(260, 'Op Monsanto', 'Operacionais');
insert into Meio values(261, 'BM Lisboa', 'Bombeiros Mistos');
insert into Meio values(262, 'BM Porto', 'Bombeiros Mistos');
insert into Meio values(263, 'BM Acores', 'Bombeiros Mistos');
insert into Meio values(264, 'BM Lagoa', 'Bombeiros Mistos');
insert into Meio values(265, 'BM Maia', 'Bombeiros Mistos');
insert into Meio values(266, 'BM Beja', 'Bombeiros Mistos');
insert into Meio values(267, 'BM Braganca', 'Bombeiros Mistos');
insert into Meio values(268, 'BM Minho', 'Bombeiros Mistos');
insert into Meio values(269, 'BM Portalegre', 'Bombeiros Mistos');
insert into Meio values(270, 'BM Cascais', 'Bombeiros Mistos');
insert into Meio values(271, 'BM Santarem', 'Bombeiros Mistos');
insert into Meio values(272, 'BM Coimbra', 'Bombeiros Mistos');
insert into Meio values(273, 'BM Almada', 'Bombeiros Mistos');
insert into Meio values(274, 'BM Setubal', 'Bombeiros Mistos');
insert into Meio values(275, 'BM Leiria', 'Bombeiros Mistos');
insert into Meio values(276, 'BM Aveiro', 'Bombeiros Mistos');
insert into Meio values(277, 'BM Braga', 'Bombeiros Mistos');
insert into Meio values(278, 'BM Faro', 'Bombeiros Mistos');
insert into Meio values(279, 'BM Madeira', 'Bombeiros Mistos');
insert into Meio values(280, 'BM Monsanto', 'Bombeiros Mistos');
insert into Meio values(281, 'GF Lisboa', 'Guarda Florestal');
insert into Meio values(282, 'GF Porto', 'Guarda Florestal');
insert into Meio values(283, 'GF Acores', 'Guarda Florestal');
insert into Meio values(284, 'GF Lagoa', 'Guarda Florestal');
insert into Meio values(285, 'GF Maia', 'Guarda Florestal');
insert into Meio values(286, 'GF Beja', 'Guarda Florestal');
insert into Meio values(287, 'GF Braganca', 'Guarda Florestal');
insert into Meio values(288, 'GF Minho', 'Guarda Florestal');
insert into Meio values(289, 'GF Portalegre', 'Guarda Florestal');
insert into Meio values(290, 'GF Cascais', 'Guarda Florestal');
insert into Meio values(291, 'GF Santarem', 'Guarda Florestal');
insert into Meio values(292, 'GF Coimbra', 'Guarda Florestal');
insert into Meio values(293, 'GF Almada', 'Guarda Florestal');
insert into Meio values(294, 'GF Setubal', 'Guarda Florestal');
insert into Meio values(295, 'GF Leiria', 'Guarda Florestal');
insert into Meio values(296, 'GF Aveiro', 'Guarda Florestal');
insert into Meio values(297, 'GF Braga', 'Guarda Florestal');
insert into Meio values(298, 'GF Faro', 'Guarda Florestal');
insert into Meio values(299, 'GF Madeira', 'Guarda Florestal');
insert into Meio values(300, 'GF Monsanto', 'Guarda Florestal');

insert into MeioSocorro values(1, 'Policia de Seguranca Publica');
insert into MeioSocorro values(2, 'Policia de Seguranca Publica');
insert into MeioSocorro values(3, 'Policia de Seguranca Publica');
insert into MeioSocorro values(4, 'Policia de Seguranca Publica');
insert into MeioSocorro values(5, 'Policia de Seguranca Publica');
insert into MeioSocorro values(6, 'Policia de Seguranca Publica');
insert into MeioSocorro values(7, 'Policia de Seguranca Publica');
insert into MeioSocorro values(8, 'Policia de Seguranca Publica');
insert into MeioSocorro values(9, 'Policia de Seguranca Publica');
insert into MeioSocorro values(10, 'Policia de Seguranca Publica');
insert into MeioSocorro values(11, 'Policia de Seguranca Publica');
insert into MeioSocorro values(12, 'Policia de Seguranca Publica');
insert into MeioSocorro values(13, 'Policia de Seguranca Publica');
insert into MeioSocorro values(14, 'Policia de Seguranca Publica');
insert into MeioSocorro values(15, 'Policia de Seguranca Publica');
insert into MeioSocorro values(16, 'Policia de Seguranca Publica');
insert into MeioSocorro values(17, 'Policia de Seguranca Publica');
insert into MeioSocorro values(18, 'Policia de Seguranca Publica');
insert into MeioSocorro values(19, 'Policia de Seguranca Publica');
insert into MeioSocorro values(20, 'Policia de Seguranca Publica');
insert into MeioSocorro values(21, 'Bombeiros Sapadores');
insert into MeioSocorro values(22, 'Bombeiros Sapadores');
insert into MeioSocorro values(23, 'Bombeiros Sapadores');
insert into MeioSocorro values(24, 'Bombeiros Sapadores');
insert into MeioSocorro values(25, 'Bombeiros Sapadores');
insert into MeioSocorro values(26, 'Bombeiros Sapadores');
insert into MeioSocorro values(27, 'Bombeiros Sapadores');
insert into MeioSocorro values(28, 'Bombeiros Sapadores');
insert into MeioSocorro values(29, 'Bombeiros Sapadores');
insert into MeioSocorro values(30, 'Bombeiros Sapadores');
insert into MeioSocorro values(31, 'Bombeiros Sapadores');
insert into MeioSocorro values(32, 'Bombeiros Sapadores');
insert into MeioSocorro values(33, 'Bombeiros Sapadores');
insert into MeioSocorro values(34, 'Bombeiros Sapadores');
insert into MeioSocorro values(35, 'Bombeiros Sapadores');
insert into MeioSocorro values(36, 'Bombeiros Sapadores');
insert into MeioSocorro values(37, 'Bombeiros Sapadores');
insert into MeioSocorro values(38, 'Bombeiros Sapadores');
insert into MeioSocorro values(39, 'Bombeiros Sapadores');
insert into MeioSocorro values(40, 'Bombeiros Sapadores');
insert into MeioSocorro values(41, 'Bombeiros Voluntarios');
insert into MeioSocorro values(42, 'Bombeiros Voluntarios');
insert into MeioSocorro values(43, 'Bombeiros Voluntarios');
insert into MeioSocorro values(44, 'Bombeiros Voluntarios');
insert into MeioSocorro values(45, 'Bombeiros Voluntarios');
insert into MeioSocorro values(46, 'Bombeiros Voluntarios');
insert into MeioSocorro values(47, 'Bombeiros Voluntarios');
insert into MeioSocorro values(48, 'Bombeiros Voluntarios');
insert into MeioSocorro values(49, 'Bombeiros Voluntarios');
insert into MeioSocorro values(50, 'Bombeiros Voluntarios');
insert into MeioSocorro values(51, 'Bombeiros Voluntarios');
insert into MeioSocorro values(52, 'Bombeiros Voluntarios');
insert into MeioSocorro values(53, 'Bombeiros Voluntarios');
insert into MeioSocorro values(54, 'Bombeiros Voluntarios');
insert into MeioSocorro values(55, 'Bombeiros Voluntarios');
insert into MeioSocorro values(56, 'Bombeiros Voluntarios');
insert into MeioSocorro values(57, 'Bombeiros Voluntarios');
insert into MeioSocorro values(58, 'Bombeiros Voluntarios');
insert into MeioSocorro values(59, 'Bombeiros Voluntarios');
insert into MeioSocorro values(60, 'Bombeiros Voluntarios');
insert into MeioSocorro values(61, 'Especialistas de Salvamento');
insert into MeioSocorro values(62, 'Especialistas de Salvamento');
insert into MeioSocorro values(63, 'Especialistas de Salvamento');
insert into MeioSocorro values(64, 'Especialistas de Salvamento');
insert into MeioSocorro values(65, 'Especialistas de Salvamento');
insert into MeioSocorro values(66, 'Especialistas de Salvamento');
insert into MeioSocorro values(67, 'Especialistas de Salvamento');
insert into MeioSocorro values(68, 'Especialistas de Salvamento');
insert into MeioSocorro values(69, 'Especialistas de Salvamento');
insert into MeioSocorro values(70, 'Especialistas de Salvamento');
insert into MeioSocorro values(71, 'Especialistas de Salvamento');
insert into MeioSocorro values(72, 'Especialistas de Salvamento');
insert into MeioSocorro values(73, 'Especialistas de Salvamento');
insert into MeioSocorro values(74, 'Especialistas de Salvamento');
insert into MeioSocorro values(75, 'Especialistas de Salvamento');
insert into MeioSocorro values(76, 'Especialistas de Salvamento');
insert into MeioSocorro values(77, 'Especialistas de Salvamento');
insert into MeioSocorro values(78, 'Especialistas de Salvamento');
insert into MeioSocorro values(79, 'Especialistas de Salvamento');
insert into MeioSocorro values(80, 'Especialistas de Salvamento');
insert into MeioSocorro values(81, 'Policia Florestal');
insert into MeioSocorro values(82, 'Policia Florestal');
insert into MeioSocorro values(83, 'Policia Florestal');
insert into MeioSocorro values(84, 'Policia Florestal');
insert into MeioSocorro values(85, 'Policia Florestal');
insert into MeioSocorro values(86, 'Policia Florestal');
insert into MeioSocorro values(87, 'Policia Florestal');
insert into MeioSocorro values(88, 'Policia Florestal');
insert into MeioSocorro values(89, 'Policia Florestal');
insert into MeioSocorro values(90, 'Policia Florestal');
insert into MeioSocorro values(91, 'Policia Florestal');
insert into MeioSocorro values(92, 'Policia Florestal');
insert into MeioSocorro values(93, 'Policia Florestal');
insert into MeioSocorro values(94, 'Policia Florestal');
insert into MeioSocorro values(95, 'Policia Florestal');
insert into MeioSocorro values(96, 'Policia Florestal');
insert into MeioSocorro values(97, 'Policia Florestal');
insert into MeioSocorro values(98, 'Policia Florestal');
insert into MeioSocorro values(99, 'Policia Florestal');
insert into MeioSocorro values(100, 'Policia Florestal');


insert into MeioApoio values(101, 'Bombeiros Civis');
insert into MeioApoio values(102, 'Bombeiros Civis');
insert into MeioApoio values(103, 'Bombeiros Civis');
insert into MeioApoio values(104, 'Bombeiros Civis');
insert into MeioApoio values(105, 'Bombeiros Civis');
insert into MeioApoio values(106, 'Bombeiros Civis');
insert into MeioApoio values(107, 'Bombeiros Civis');
insert into MeioApoio values(108, 'Bombeiros Civis');
insert into MeioApoio values(109, 'Bombeiros Civis');
insert into MeioApoio values(110,'Bombeiros Civis');
insert into MeioApoio values(111,'Bombeiros Civis');
insert into MeioApoio values(112,'Bombeiros Civis');
insert into MeioApoio values(113,'Bombeiros Civis');
insert into MeioApoio values(114,'Bombeiros Civis');
insert into MeioApoio values(115,'Bombeiros Civis');
insert into MeioApoio values(116,'Bombeiros Civis');
insert into MeioApoio values(117,'Bombeiros Civis');
insert into MeioApoio values(118,'Bombeiros Civis');
insert into MeioApoio values(119,'Bombeiros Civis');
insert into MeioApoio values(120,'Bombeiros Civis');
insert into MeioApoio values(121,'Policia Municipal');
insert into MeioApoio values(122,'Policia Municipal');
insert into MeioApoio values(123,'Policia Municipal');
insert into MeioApoio values(124,'Policia Municipal');
insert into MeioApoio values(125,'Policia Municipal');
insert into MeioApoio values(126,'Policia Municipal');
insert into MeioApoio values(127,'Policia Municipal');
insert into MeioApoio values(128,'Policia Municipal');
insert into MeioApoio values(129,'Policia Municipal');
insert into MeioApoio values(130,'Policia Municipal');
insert into MeioApoio values(131,'Policia Municipal');
insert into MeioApoio values(132,'Policia Municipal');
insert into MeioApoio values(133,'Policia Municipal');
insert into MeioApoio values(134,'Policia Municipal');
insert into MeioApoio values(135,'Policia Municipal');
insert into MeioApoio values(136,'Policia Municipal');
insert into MeioApoio values(137,'Policia Municipal');
insert into MeioApoio values(138,'Policia Municipal');
insert into MeioApoio values(139,'Policia Municipal');
insert into MeioApoio values(140,'Policia Municipal');
insert into MeioApoio values(141,'GNR');
insert into MeioApoio values(142,'GNR');
insert into MeioApoio values(143,'GNR');
insert into MeioApoio values(144,'GNR');
insert into MeioApoio values(145,'GNR');
insert into MeioApoio values(146,'GNR');
insert into MeioApoio values(147,'GNR');
insert into MeioApoio values(148,'GNR');
insert into MeioApoio values(149,'GNR');
insert into MeioApoio values(150,'GNR');
insert into MeioApoio values(151,'GNR');
insert into MeioApoio values(152,'GNR');
insert into MeioApoio values(153,'GNR');
insert into MeioApoio values(154,'GNR');
insert into MeioApoio values(155,'GNR');
insert into MeioApoio values(156,'GNR');
insert into MeioApoio values(157,'GNR');
insert into MeioApoio values(158,'GNR');
insert into MeioApoio values(159,'GNR');
insert into MeioApoio values(160,'GNR');
insert into MeioApoio values(161,'Municipios');
insert into MeioApoio values(162,'Municipios');
insert into MeioApoio values(163,'Municipios');
insert into MeioApoio values(164,'Municipios');
insert into MeioApoio values(165,'Municipios');
insert into MeioApoio values(166,'Municipios');
insert into MeioApoio values(167,'Municipios');
insert into MeioApoio values(168,'Municipios');
insert into MeioApoio values(169,'Municipios');
insert into MeioApoio values(170,'Municipios');
insert into MeioApoio values(171,'Municipios');
insert into MeioApoio values(172,'Municipios');
insert into MeioApoio values(173,'Municipios');
insert into MeioApoio values(174,'Municipios');
insert into MeioApoio values(175,'Municipios');
insert into MeioApoio values(176,'Municipios');
insert into MeioApoio values(177,'Municipios');
insert into MeioApoio values(178,'Municipios');
insert into MeioApoio values(179,'Municipios');
insert into MeioApoio values(180,'Municipios');
insert into MeioApoio values(181,'Policia Aerea');
insert into MeioApoio values(182,'Policia Aerea');
insert into MeioApoio values(183,'Policia Aerea');
insert into MeioApoio values(184,'Policia Aerea');
insert into MeioApoio values(185,'Policia Aerea');
insert into MeioApoio values(186,'Policia Aerea');
insert into MeioApoio values(187,'Policia Aerea');
insert into MeioApoio values(188,'Policia Aerea');
insert into MeioApoio values(189,'Policia Aerea');
insert into MeioApoio values(190,'Policia Aerea');
insert into MeioApoio values(191,'Policia Aerea');
insert into MeioApoio values(192,'Policia Aerea');
insert into MeioApoio values(193,'Policia Aerea');
insert into MeioApoio values(194,'Policia Aerea');
insert into MeioApoio values(195,'Policia Aerea');
insert into MeioApoio values(196,'Policia Aerea');
insert into MeioApoio values(197,'Policia Aerea');
insert into MeioApoio values(198,'Policia Aerea');
insert into MeioApoio values(199,'Policia Aerea');
insert into MeioApoio values(200,'Policia Aerea');
insert into MeioApoio values(251,'Operacionais');
insert into MeioApoio values(252,'Operacionais');
insert into MeioApoio values(253,'Operacionais');
insert into MeioApoio values(254,'Operacionais');
insert into MeioApoio values(255,'Operacionais');
insert into MeioApoio values(256,'Operacionais');
insert into MeioApoio values(257,'Operacionais');
insert into MeioApoio values(258,'Operacionais');
insert into MeioApoio values(259,'Operacionais');
insert into MeioApoio values(260,'Operacionais');
insert into MeioApoio values(261,'Bombeiros Mistos');
insert into MeioApoio values(262,'Bombeiros Mistos');
insert into MeioApoio values(263,'Bombeiros Mistos');
insert into MeioApoio values(264,'Bombeiros Mistos');
insert into MeioApoio values(265,'Bombeiros Mistos');
insert into MeioApoio values(266,'Bombeiros Mistos');
insert into MeioApoio values(267,'Bombeiros Mistos');
insert into MeioApoio values(268,'Bombeiros Mistos');
insert into MeioApoio values(269,'Bombeiros Mistos');
insert into MeioApoio values(270,'Bombeiros Mistos');
insert into MeioApoio values(271,'Bombeiros Mistos');
insert into MeioApoio values(272,'Bombeiros Mistos');
insert into MeioApoio values(273,'Bombeiros Mistos');
insert into MeioApoio values(274,'Bombeiros Mistos');
insert into MeioApoio values(275,'Bombeiros Mistos');
insert into MeioApoio values(276,'Bombeiros Mistos');
insert into MeioApoio values(277,'Bombeiros Mistos');
insert into MeioApoio values(278,'Bombeiros Mistos');
insert into MeioApoio values(279,'Bombeiros Mistos');
insert into MeioApoio values(280,'Bombeiros Mistos');
insert into MeioApoio values(281,'Guarda Florestal');
insert into MeioApoio values(282,'Guarda Florestal');
insert into MeioApoio values(283,'Guarda Florestal');
insert into MeioApoio values(284,'Guarda Florestal');
insert into MeioApoio values(285,'Guarda Florestal');
insert into MeioApoio values(286,'Guarda Florestal');
insert into MeioApoio values(287,'Guarda Florestal');
insert into MeioApoio values(288,'Guarda Florestal');
insert into MeioApoio values(289,'Guarda Florestal');
insert into MeioApoio values(290,'Guarda Florestal');
insert into MeioApoio values(291,'Guarda Florestal');
insert into MeioApoio values(292,'Guarda Florestal');
insert into MeioApoio values(293,'Guarda Florestal');
insert into MeioApoio values(294,'Guarda Florestal');
insert into MeioApoio values(295,'Guarda Florestal');
insert into MeioApoio values(296,'Guarda Florestal');
insert into MeioApoio values(297,'Guarda Florestal');
insert into MeioApoio values(298,'Guarda Florestal');
insert into MeioApoio values(299,'Guarda Florestal');
insert into MeioApoio values(300,'Guarda Florestal');


insert into MeioCombate values(201,'Operacoes Aereas');
insert into MeioCombate values(202,'Operacoes Aereas');
insert into MeioCombate values(203,'Operacoes Aereas');
insert into MeioCombate values(204,'Operacoes Aereas');
insert into MeioCombate values(205,'Operacoes Aereas');
insert into MeioCombate values(206,'Operacoes Aereas');
insert into MeioCombate values(207,'Operacoes Aereas');
insert into MeioCombate values(208,'Operacoes Aereas');
insert into MeioCombate values(209,'Operacoes Aereas');
insert into MeioCombate values(210,'Operacoes Aereas');
insert into MeioCombate values(211,'Operacoes Aereas');
insert into MeioCombate values(212,'Operacoes Aereas');
insert into MeioCombate values(213,'Operacoes Aereas');
insert into MeioCombate values(214,'Operacoes Aereas');
insert into MeioCombate values(215,'Operacoes Aereas');
insert into MeioCombate values(216,'Operacoes Aereas');
insert into MeioCombate values(217,'Operacoes Aereas');
insert into MeioCombate values(218,'Brigada de Seguranca Publica');
insert into MeioCombate values(219,'Brigada de Seguranca Publica');
insert into MeioCombate values(220,'Brigada de Seguranca Publica');
insert into MeioCombate values(221,'Brigada de Seguranca Publica');
insert into MeioCombate values(222,'Brigada de Seguranca Publica');
insert into MeioCombate values(223,'Brigada de Seguranca Publica');
insert into MeioCombate values(224,'Brigada de Seguranca Publica');
insert into MeioCombate values(225,'Brigada de Seguranca Publica');
insert into MeioCombate values(226,'Brigada de Seguranca Publica');
insert into MeioCombate values(227,'Brigada de Seguranca Publica');
insert into MeioCombate values(228,'Brigada de Seguranca Publica');
insert into MeioCombate values(229,'Brigada de Seguranca Publica');
insert into MeioCombate values(230,'Brigada de Seguranca Publica');
insert into MeioCombate values(231,'Brigada de Seguranca Publica');
insert into MeioCombate values(232,'Brigada de Seguranca Publica');
insert into MeioCombate values(233,'Brigada de Seguranca Publica');
insert into MeioCombate values(234,'Brigada de Seguranca Publica');
insert into MeioCombate values(235,'Brigada de Seguranca Publica');
insert into MeioCombate values(236,'Brigada de Seguranca Publica');
insert into MeioCombate values(237,'Brigada de Seguranca Publica');
insert into MeioCombate values(238,'Brigada de Seguranca Publica');
insert into MeioCombate values(239,'Brigada de Seguranca Publica');
insert into MeioCombate values(240,'Brigada de Seguranca Publica');
insert into MeioCombate values(241,'Operacionais');
insert into MeioCombate values(242,'Operacionais');
insert into MeioCombate values(243,'Operacionais');
insert into MeioCombate values(244,'Operacionais');
insert into MeioCombate values(245,'Operacionais');
insert into MeioCombate values(246,'Operacionais');
insert into MeioCombate values(247,'Operacionais');
insert into MeioCombate values(248,'Operacionais');
insert into MeioCombate values(249,'Operacionais');
insert into MeioCombate values(250,'Operacionais');
insert into MeioCombate values(251,'Operacionais');
insert into MeioCombate values(252,'Operacionais');
insert into MeioCombate values(253,'Operacionais');
insert into MeioCombate values(254,'Operacionais');
insert into MeioCombate values(255,'Operacionais');
insert into MeioCombate values(256,'Operacionais');
insert into MeioCombate values(257,'Operacionais');
insert into MeioCombate values(258,'Operacionais');
insert into MeioCombate values(259,'Operacionais');
insert into MeioCombate values(260,'Operacionais');
insert into MeioCombate values(261,'Bombeiros Mistos');
insert into MeioCombate values(262,'Bombeiros Mistos');
insert into MeioCombate values(263,'Bombeiros Mistos');
insert into MeioCombate values(264,'Bombeiros Mistos');
insert into MeioCombate values(265,'Bombeiros Mistos');
insert into MeioCombate values(266,'Bombeiros Mistos');
insert into MeioCombate values(267,'Bombeiros Mistos');
insert into MeioCombate values(268,'Bombeiros Mistos');
insert into MeioCombate values(269,'Bombeiros Mistos');
insert into MeioCombate values(270,'Bombeiros Mistos');
insert into MeioCombate values(271,'Bombeiros Mistos');
insert into MeioCombate values(272,'Bombeiros Mistos');
insert into MeioCombate values(273,'Bombeiros Mistos');
insert into MeioCombate values(274,'Bombeiros Mistos');
insert into MeioCombate values(275,'Bombeiros Mistos');
insert into MeioCombate values(276,'Bombeiros Mistos');
insert into MeioCombate values(277,'Bombeiros Mistos');
insert into MeioCombate values(278,'Bombeiros Mistos');
insert into MeioCombate values(279,'Bombeiros Mistos');
insert into MeioCombate values(280,'Bombeiros Mistos');
insert into MeioCombate values(281,'Guarda Florestal');
insert into MeioCombate values(282,'Guarda Florestal');
insert into MeioCombate values(283,'Guarda Florestal');
insert into MeioCombate values(284,'Guarda Florestal');
insert into MeioCombate values(285,'Guarda Florestal');
insert into MeioCombate values(286,'Guarda Florestal');
insert into MeioCombate values(287,'Guarda Florestal');
insert into MeioCombate values(288,'Guarda Florestal');
insert into MeioCombate values(289,'Guarda Florestal');
insert into MeioCombate values(290,'Guarda Florestal');
insert into MeioCombate values(291,'Guarda Florestal');
insert into MeioCombate values(292,'Guarda Florestal');
insert into MeioCombate values(293,'Guarda Florestal');
insert into MeioCombate values(294,'Guarda Florestal');
insert into MeioCombate values(295,'Guarda Florestal');
insert into MeioCombate values(296,'Guarda Florestal');
insert into MeioCombate values(297,'Guarda Florestal');
insert into MeioCombate values(298,'Guarda Florestal');
insert into MeioCombate values(299,'Guarda Florestal');
insert into MeioCombate values(300,'Guarda Florestal');

insert into Transporta values(1, 'Policia de Seguranca Publica',10, 1);
insert into Transporta values(2, 'Policia de Seguranca Publica',10, 1);
insert into Transporta values(3, 'Policia de Seguranca Publica',10, 1);
insert into Transporta values(4, 'Policia de Seguranca Publica',10, 1);
insert into Transporta values(5, 'Policia de Seguranca Publica',10, 1);
insert into Transporta values(6, 'Policia de Seguranca Publica',10, 1);
insert into Transporta values(7, 'Policia de Seguranca Publica',10, 1);
insert into Transporta values(8, 'Policia de Seguranca Publica',10, 1);
insert into Transporta values(9, 'Policia de Seguranca Publica',10, 1);
insert into Transporta values(10, 'Policia de Seguranca Publica', 5, 2);
insert into Transporta values(11, 'Policia de Seguranca Publica', 5, 2);
insert into Transporta values(12, 'Policia de Seguranca Publica', 5, 2);
insert into Transporta values(13, 'Policia de Seguranca Publica', 5, 2);
insert into Transporta values(14, 'Policia de Seguranca Publica', 5, 2);
insert into Transporta values(15, 'Policia de Seguranca Publica', 5, 2);
insert into Transporta values(16, 'Policia de Seguranca Publica', 5, 2);
insert into Transporta values(17, 'Policia de Seguranca Publica', 5, 2);
insert into Transporta values(18, 'Policia de Seguranca Publica', 5, 2);
insert into Transporta values(19, 'Policia de Seguranca Publica', 5, 2);
insert into Transporta values(20, 'Policia de Seguranca Publica', 5, 2);
insert into Transporta values(21, 'Bombeiros Sapadores', 3, 3);
insert into Transporta values(22, 'Bombeiros Sapadores', 3, 3);
insert into Transporta values(23, 'Bombeiros Sapadores', 3, 3);
insert into Transporta values(24, 'Bombeiros Sapadores', 3, 3);
insert into Transporta values(25, 'Bombeiros Sapadores', 3, 3);
insert into Transporta values(26, 'Bombeiros Sapadores', 3, 3);
insert into Transporta values(27, 'Bombeiros Sapadores', 3, 3);
insert into Transporta values(28, 'Bombeiros Sapadores', 3, 3);
insert into Transporta values(29, 'Bombeiros Sapadores', 3, 3);
insert into Transporta values(30, 'Bombeiros Sapadores', 3, 3);
insert into Transporta values(31, 'Bombeiros Sapadores', 3, 3);
insert into Transporta values(32, 'Bombeiros Sapadores', 3, 3);
insert into Transporta values(33, 'Bombeiros Sapadores', 3, 3);
insert into Transporta values(34, 'Bombeiros Sapadores', 3, 3);
insert into Transporta values(35, 'Bombeiros Sapadores', 3, 3);
insert into Transporta values(36, 'Bombeiros Sapadores', 3, 3);
insert into Transporta values(37, 'Bombeiros Sapadores', 3, 3);
insert into Transporta values(38, 'Bombeiros Sapadores', 3, 3);
insert into Transporta values(39, 'Bombeiros Sapadores', 3, 3);
insert into Transporta values(40, 'Bombeiros Sapadores', 3, 3);
insert into Transporta values(41, 'Bombeiros Voluntarios', 7, 4);
insert into Transporta values(42, 'Bombeiros Voluntarios', 7, 4);
insert into Transporta values(43, 'Bombeiros Voluntarios', 7, 4);
insert into Transporta values(44, 'Bombeiros Voluntarios', 7, 4);
insert into Transporta values(45, 'Bombeiros Voluntarios', 7, 4);
insert into Transporta values(46, 'Bombeiros Voluntarios', 7, 4);
insert into Transporta values(47, 'Bombeiros Voluntarios', 7, 4);
insert into Transporta values(48, 'Bombeiros Voluntarios', 7, 4);
insert into Transporta values(49, 'Bombeiros Voluntarios', 7, 4);
insert into Transporta values(50, 'Bombeiros Voluntarios', 7, 4);
insert into Transporta values(51, 'Bombeiros Voluntarios', 7, 4);
insert into Transporta values(52, 'Bombeiros Voluntarios', 7, 4);
insert into Transporta values(53, 'Bombeiros Voluntarios', 7, 4);
insert into Transporta values(54, 'Bombeiros Voluntarios', 7, 4);
insert into Transporta values(55, 'Bombeiros Voluntarios', 7, 4);
insert into Transporta values(56, 'Bombeiros Voluntarios', 7, 4);
insert into Transporta values(57, 'Bombeiros Voluntarios', 7, 4);
insert into Transporta values(58, 'Bombeiros Voluntarios', 7, 4);
insert into Transporta values(59, 'Bombeiros Voluntarios', 7, 4);
insert into Transporta values(60, 'Bombeiros Voluntarios', 7, 4);
insert into Transporta values(61, 'Especialistas de Salvamento', 1, 5);
insert into Transporta values(62, 'Especialistas de Salvamento', 1, 5);
insert into Transporta values(63, 'Especialistas de Salvamento', 1, 5);
insert into Transporta values(64, 'Especialistas de Salvamento', 1, 5);
insert into Transporta values(65, 'Especialistas de Salvamento', 1, 5);
insert into Transporta values(66, 'Especialistas de Salvamento', 1, 5);
insert into Transporta values(67, 'Especialistas de Salvamento', 1, 5);
insert into Transporta values(68, 'Especialistas de Salvamento', 1, 5);
insert into Transporta values(69, 'Especialistas de Salvamento', 1, 5);
insert into Transporta values(70, 'Especialistas de Salvamento', 1, 5);
insert into Transporta values(71, 'Especialistas de Salvamento', 1, 5);
insert into Transporta values(72, 'Especialistas de Salvamento', 1, 5);
insert into Transporta values(73, 'Especialistas de Salvamento', 1, 5);
insert into Transporta values(74, 'Especialistas de Salvamento', 1, 5);
insert into Transporta values(75, 'Especialistas de Salvamento', 1, 5);
insert into Transporta values(76, 'Especialistas de Salvamento', 1, 5);
insert into Transporta values(77, 'Especialistas de Salvamento', 1, 5);
insert into Transporta values(78, 'Especialistas de Salvamento', 1, 5);
insert into Transporta values(79, 'Especialistas de Salvamento', 1, 5);
insert into Transporta values(80, 'Especialistas de Salvamento', 1, 5);
insert into Transporta values(81, 'Policia Florestal', 9, 6);
insert into Transporta values(82, 'Policia Florestal', 9, 6);
insert into Transporta values(83, 'Policia Florestal', 9, 6);
insert into Transporta values(84, 'Policia Florestal', 9, 6);
insert into Transporta values(85, 'Policia Florestal', 9, 6);
insert into Transporta values(86, 'Policia Florestal', 9, 6);
insert into Transporta values(87, 'Policia Florestal', 9, 6);
insert into Transporta values(88, 'Policia Florestal', 9, 6);
insert into Transporta values(89, 'Policia Florestal', 9, 6);
insert into Transporta values(90, 'Policia Florestal', 9, 6);
insert into Transporta values(91, 'Policia Florestal', 9, 6);
insert into Transporta values(92, 'Policia Florestal', 9, 6);
insert into Transporta values(93, 'Policia Florestal', 9, 6);
insert into Transporta values(94, 'Policia Florestal', 9, 6);
insert into Transporta values(95, 'Policia Florestal', 9, 6);
insert into Transporta values(96, 'Policia Florestal', 9, 6);
insert into Transporta values(97, 'Policia Florestal', 9, 6);
insert into Transporta values(98, 'Policia Florestal', 9, 6);
insert into Transporta values(99, 'Policia Florestal', 9, 6);
insert into Transporta values(100, 'Policia Florestal', 40, 100);

insert into Alocado values(101, 'Bombeiros Civis', 4, 1);
insert into Alocado values(102, 'Bombeiros Civis', 4, 1);
insert into Alocado values(103, 'Bombeiros Civis', 4, 1);
insert into Alocado values(104, 'Bombeiros Civis', 4, 1);
insert into Alocado values(105, 'Bombeiros Civis', 4, 1);
insert into Alocado values(106, 'Bombeiros Civis', 4, 1);
insert into Alocado values(107, 'Bombeiros Civis', 4, 1);
insert into Alocado values(108, 'Bombeiros Civis', 4, 1);
insert into Alocado values(109, 'Bombeiros Civis', 4, 1);
insert into Alocado values(110,'Bombeiros Civis', 5, 2);
insert into Alocado values(111,'Bombeiros Civis', 5, 2);
insert into Alocado values(112,'Bombeiros Civis', 5, 2);
insert into Alocado values(113,'Bombeiros Civis', 5, 2);
insert into Alocado values(114,'Bombeiros Civis', 5, 2);
insert into Alocado values(115,'Bombeiros Civis', 5, 2);
insert into Alocado values(116,'Bombeiros Civis', 5, 2);
insert into Alocado values(117,'Bombeiros Civis', 5, 2);
insert into Alocado values(118,'Bombeiros Civis', 5, 2);
insert into Alocado values(119,'Bombeiros Civis', 5, 2);
insert into Alocado values(120,'Bombeiros Civis', 5, 2);
insert into Alocado values(121,'Policia Municipal', 6, 3);
insert into Alocado values(122,'Policia Municipal', 6, 3);
insert into Alocado values(123,'Policia Municipal', 6, 3);
insert into Alocado values(124,'Policia Municipal', 6, 3);
insert into Alocado values(125,'Policia Municipal', 6, 3);
insert into Alocado values(126,'Policia Municipal', 6, 3);
insert into Alocado values(127,'Policia Municipal', 6, 3);
insert into Alocado values(128,'Policia Municipal', 6, 3);
insert into Alocado values(129,'Policia Municipal', 6, 3);
insert into Alocado values(130,'Policia Municipal', 6, 3);
insert into Alocado values(131,'Policia Municipal', 6, 3);
insert into Alocado values(132,'Policia Municipal', 6, 3);
insert into Alocado values(133,'Policia Municipal', 6, 3);
insert into Alocado values(134,'Policia Municipal', 6, 3);
insert into Alocado values(135,'Policia Municipal', 6, 3);
insert into Alocado values(136,'Policia Municipal', 6, 3);
insert into Alocado values(137,'Policia Municipal', 6, 3);
insert into Alocado values(138,'Policia Municipal', 6, 3);
insert into Alocado values(139,'Policia Municipal', 6, 3);
insert into Alocado values(140,'Policia Municipal', 6, 3);
insert into Alocado values(141,'GNR', 7, 4);
insert into Alocado values(142,'GNR', 7, 4);
insert into Alocado values(143,'GNR', 7, 4);
insert into Alocado values(144,'GNR', 7, 4);
insert into Alocado values(145,'GNR', 7, 4);
insert into Alocado values(146,'GNR', 7, 4);
insert into Alocado values(147,'GNR', 7, 4);
insert into Alocado values(148,'GNR', 7, 4);
insert into Alocado values(149,'GNR', 7, 4);
insert into Alocado values(150,'GNR', 7, 4);
insert into Alocado values(151,'GNR', 7, 4);
insert into Alocado values(152,'GNR', 7, 4);
insert into Alocado values(153,'GNR', 7, 4);
insert into Alocado values(154,'GNR', 7, 4);
insert into Alocado values(155,'GNR', 7, 4);
insert into Alocado values(156,'GNR', 7, 4);
insert into Alocado values(157,'GNR', 7, 4);
insert into Alocado values(158,'GNR', 7, 4);
insert into Alocado values(159,'GNR', 7, 4);
insert into Alocado values(160,'GNR', 7, 4);
insert into Alocado values(161,'Municipios', 8, 5);
insert into Alocado values(162,'Municipios', 8, 5);
insert into Alocado values(163,'Municipios', 8, 5);
insert into Alocado values(164,'Municipios', 8, 5);
insert into Alocado values(165,'Municipios', 8, 5);
insert into Alocado values(166,'Municipios', 8, 5);
insert into Alocado values(167,'Municipios', 8, 5);
insert into Alocado values(168,'Municipios', 8, 5);
insert into Alocado values(169,'Municipios', 8, 5);
insert into Alocado values(170,'Municipios', 8, 5);
insert into Alocado values(171,'Municipios', 8, 5);
insert into Alocado values(172,'Municipios', 8, 5);
insert into Alocado values(173,'Municipios', 8, 5);
insert into Alocado values(174,'Municipios', 8, 5);
insert into Alocado values(175,'Municipios', 8, 5);
insert into Alocado values(176,'Municipios', 8, 5);
insert into Alocado values(177,'Municipios', 8, 5);
insert into Alocado values(178,'Municipios', 8, 5);
insert into Alocado values(179,'Municipios', 8, 5);
insert into Alocado values(180,'Municipios', 8, 5);
insert into Alocado values(181,'Policia Aerea', 9, 100);
insert into Alocado values(182,'Policia Aerea', 9, 100);
insert into Alocado values(183,'Policia Aerea', 9, 100);
insert into Alocado values(184,'Policia Aerea', 9, 100);
insert into Alocado values(185,'Policia Aerea', 9, 100);
insert into Alocado values(186,'Policia Aerea', 9, 100);
insert into Alocado values(187,'Policia Aerea', 9, 100);
insert into Alocado values(188,'Policia Aerea', 9, 100);
insert into Alocado values(189,'Policia Aerea', 9, 100);
insert into Alocado values(190,'Policia Aerea', 9, 100);
insert into Alocado values(191,'Policia Aerea', 9, 100);
insert into Alocado values(192,'Policia Aerea', 9, 100);
insert into Alocado values(193,'Policia Aerea', 9, 100);
insert into Alocado values(194,'Policia Aerea', 9, 100);
insert into Alocado values(195,'Policia Aerea', 9, 100);
insert into Alocado values(196,'Policia Aerea', 9, 100);
insert into Alocado values(197,'Policia Aerea', 9, 100);
insert into Alocado values(198,'Policia Aerea', 9, 100);
insert into Alocado values(199,'Policia Aerea', 9, 100);
insert into Alocado values(200,'Policia Aerea', 9, 100);
insert into Alocado values(251,'Operacionais', 10, 30);
insert into Alocado values(252,'Operacionais', 10, 30);
insert into Alocado values(253,'Operacionais', 10, 30);
insert into Alocado values(254,'Operacionais', 10, 30);
insert into Alocado values(255,'Operacionais', 10, 30);
insert into Alocado values(256,'Operacionais', 10, 30);
insert into Alocado values(257,'Operacionais', 10, 30);
insert into Alocado values(258,'Operacionais', 10, 30);
insert into Alocado values(259,'Operacionais', 10, 30);
insert into Alocado values(260,'Operacionais', 10, 30);
insert into Alocado values(261,'Bombeiros Mistos', 15, 22);
insert into Alocado values(262,'Bombeiros Mistos', 15, 22);
insert into Alocado values(263,'Bombeiros Mistos', 15, 22);
insert into Alocado values(264,'Bombeiros Mistos', 15, 22);
insert into Alocado values(265,'Bombeiros Mistos', 15, 22);
insert into Alocado values(266,'Bombeiros Mistos', 15, 22);
insert into Alocado values(267,'Bombeiros Mistos', 15, 22);
insert into Alocado values(268,'Bombeiros Mistos', 15, 22);
insert into Alocado values(269,'Bombeiros Mistos', 15, 22);
insert into Alocado values(270,'Bombeiros Mistos', 15, 22);
insert into Alocado values(271,'Bombeiros Mistos', 15, 22);
insert into Alocado values(272,'Bombeiros Mistos', 15, 22);
insert into Alocado values(273,'Bombeiros Mistos', 15, 22);
insert into Alocado values(274,'Bombeiros Mistos', 15, 22);
insert into Alocado values(275,'Bombeiros Mistos', 15, 22);
insert into Alocado values(276,'Bombeiros Mistos', 15, 22);
insert into Alocado values(277,'Bombeiros Mistos', 15, 22);
insert into Alocado values(278,'Bombeiros Mistos', 15, 22);
insert into Alocado values(279,'Bombeiros Mistos', 15, 22);
insert into Alocado values(280,'Bombeiros Mistos', 15, 22);
insert into Alocado values(281,'Guarda Florestal', 15, 22);
insert into Alocado values(282,'Guarda Florestal', 15, 22);
insert into Alocado values(283,'Guarda Florestal', 15, 22);
insert into Alocado values(284,'Guarda Florestal', 15, 22);
insert into Alocado values(285,'Guarda Florestal', 15, 22);
insert into Alocado values(286,'Guarda Florestal', 15, 22);
insert into Alocado values(287,'Guarda Florestal', 15, 22);
insert into Alocado values(288,'Guarda Florestal', 15, 22);
insert into Alocado values(289,'Guarda Florestal', 15, 22);
insert into Alocado values(290,'Guarda Florestal', 15, 22);
insert into Alocado values(291,'Guarda Florestal', 15, 22);
insert into Alocado values(292,'Guarda Florestal', 15, 22);
insert into Alocado values(293,'Guarda Florestal', 15, 22);
insert into Alocado values(294,'Guarda Florestal', 15, 22);
insert into Alocado values(295,'Guarda Florestal', 15, 22);
insert into Alocado values(296,'Guarda Florestal', 15, 22);
insert into Alocado values(297,'Guarda Florestal', 15, 22);
insert into Alocado values(298,'Guarda Florestal', 15, 22);
insert into Alocado values(299,'Guarda Florestal', 15, 22);
insert into Alocado values(300,'Guarda Florestal', 15, 22);

insert into Acciona values(1, 'Policia de Seguranca Publica', 1);
insert into Acciona values(2, 'Policia de Seguranca Publica', 1);
insert into Acciona values(3, 'Policia de Seguranca Publica', 3);
insert into Acciona values(4, 'Policia de Seguranca Publica', 4);
insert into Acciona values(5, 'Policia de Seguranca Publica', 5);
insert into Acciona values(6, 'Policia de Seguranca Publica', 6);
insert into Acciona values(7, 'Policia de Seguranca Publica', 7);
insert into Acciona values(21, 'Bombeiros Sapadores', 8);
insert into Acciona values(22, 'Bombeiros Sapadores', 9);
insert into Acciona values(23, 'Bombeiros Sapadores', 10);
insert into Acciona values(24, 'Bombeiros Sapadores', 11);
insert into Acciona values(25, 'Bombeiros Sapadores', 12);
insert into Acciona values(26, 'Bombeiros Sapadores', 13);
insert into Acciona values(27, 'Bombeiros Sapadores', 14);
insert into Acciona values(41, 'Bombeiros Voluntarios', 15);
insert into Acciona values(42, 'Bombeiros Voluntarios', 16);
insert into Acciona values(43, 'Bombeiros Voluntarios', 17);
insert into Acciona values(44, 'Bombeiros Voluntarios', 18);
insert into Acciona values(45, 'Bombeiros Voluntarios', 19);
insert into Acciona values(46, 'Bombeiros Voluntarios', 20);
insert into Acciona values(47, 'Bombeiros Voluntarios', 21);
insert into Acciona values(61, 'Especialistas de Salvamento', 22);
insert into Acciona values(62, 'Especialistas de Salvamento', 23);
insert into Acciona values(63, 'Especialistas de Salvamento', 24);
insert into Acciona values(64, 'Especialistas de Salvamento', 25);
insert into Acciona values(65, 'Especialistas de Salvamento', 26);
insert into Acciona values(66, 'Especialistas de Salvamento', 27);
insert into Acciona values(67, 'Especialistas de Salvamento', 28);
insert into Acciona values(81, 'Policia Florestal', 29);
insert into Acciona values(82, 'Policia Florestal', 30);
insert into Acciona values(83, 'Policia Florestal', 31);
insert into Acciona values(84, 'Policia Florestal', 32);
insert into Acciona values(85, 'Policia Florestal', 33);
insert into Acciona values(86, 'Policia Florestal', 34);
insert into Acciona values(87, 'Policia Florestal', 35);
insert into Acciona values(101, 'Bombeiros Civis', 36);
insert into Acciona values(102, 'Bombeiros Civis', 37);
insert into Acciona values(103, 'Bombeiros Civis', 38);
insert into Acciona values(104, 'Bombeiros Civis', 39);
insert into Acciona values(105, 'Bombeiros Civis', 40);
insert into Acciona values(106, 'Bombeiros Civis', 1);
insert into Acciona values(107, 'Bombeiros Civis', 1);
insert into Acciona values(121,'Policia Municipal', 3);
insert into Acciona values(122,'Policia Municipal', 4);
insert into Acciona values(123,'Policia Municipal', 5);
insert into Acciona values(124,'Policia Municipal', 6);
insert into Acciona values(125,'Policia Municipal', 7);
insert into Acciona values(126,'Policia Municipal', 8);
insert into Acciona values(127,'Policia Municipal', 9);
insert into Acciona values(141,'GNR', 10);
insert into Acciona values(142,'GNR', 11);
insert into Acciona values(143,'GNR', 12);
insert into Acciona values(144,'GNR', 13);
insert into Acciona values(145,'GNR', 14);
insert into Acciona values(146,'GNR', 15);
insert into Acciona values(147,'GNR', 16);
insert into Acciona values(161,'Municipios', 17);
insert into Acciona values(162,'Municipios', 18);
insert into Acciona values(163,'Municipios', 19);
insert into Acciona values(164,'Municipios', 20);
insert into Acciona values(165,'Municipios', 21);
insert into Acciona values(166,'Municipios', 22);
insert into Acciona values(167,'Municipios', 23);
insert into Acciona values(181,'Policia Aerea', 24);
insert into Acciona values(182,'Policia Aerea', 25);
insert into Acciona values(183,'Policia Aerea', 26);
insert into Acciona values(184,'Policia Aerea', 27);
insert into Acciona values(185,'Policia Aerea', 28);
insert into Acciona values(186,'Policia Aerea', 29);
insert into Acciona values(187,'Policia Aerea', 30);
insert into Acciona values(201,'Operacoes Aereas', 1);
insert into Acciona values(202,'Operacoes Aereas', 2);
insert into Acciona values(203,'Operacoes Aereas', 3);
insert into Acciona values(204,'Operacoes Aereas', 4);
insert into Acciona values(205,'Operacoes Aereas', 5);
insert into Acciona values(206,'Operacoes Aereas', 6);
insert into Acciona values(207,'Operacoes Aereas', 7);
insert into Acciona values(201,'Operacoes Aereas', 8);
insert into Acciona values(202,'Operacoes Aereas', 9);
insert into Acciona values(203,'Operacoes Aereas', 10);
insert into Acciona values(204,'Operacoes Aereas', 11);
insert into Acciona values(205,'Operacoes Aereas', 12);
insert into Acciona values(206,'Operacoes Aereas', 13);
insert into Acciona values(207,'Operacoes Aereas', 14);
insert into Acciona values(201,'Operacoes Aereas', 15);
insert into Acciona values(202,'Operacoes Aereas', 16);
insert into Acciona values(203,'Operacoes Aereas', 17);
insert into Acciona values(204,'Operacoes Aereas', 18);
insert into Acciona values(205,'Operacoes Aereas', 19);
insert into Acciona values(206,'Operacoes Aereas', 20);
insert into Acciona values(207,'Operacoes Aereas', 21);
insert into Acciona values(201,'Operacoes Aereas', 22);
insert into Acciona values(202,'Operacoes Aereas', 23);
insert into Acciona values(203,'Operacoes Aereas', 24);
insert into Acciona values(204,'Operacoes Aereas', 25);
insert into Acciona values(205,'Operacoes Aereas', 26);
insert into Acciona values(206,'Operacoes Aereas', 27);
insert into Acciona values(207,'Operacoes Aereas', 28);
insert into Acciona values(201,'Operacoes Aereas', 29);
insert into Acciona values(202,'Operacoes Aereas', 30);
insert into Acciona values(203,'Operacoes Aereas', 31);
insert into Acciona values(204,'Operacoes Aereas', 32);
insert into Acciona values(205,'Operacoes Aereas', 33);
insert into Acciona values(206,'Operacoes Aereas', 34);
insert into Acciona values(207,'Operacoes Aereas', 35);
insert into Acciona values(201,'Operacoes Aereas', 36);
insert into Acciona values(202,'Operacoes Aereas', 37);
insert into Acciona values(203,'Operacoes Aereas', 38);
insert into Acciona values(204,'Operacoes Aereas', 39);
insert into Acciona values(205,'Operacoes Aereas', 40);
insert into Acciona values(221,'Brigada de Seguranca Publica', 38);
insert into Acciona values(222,'Brigada de Seguranca Publica', 39);
insert into Acciona values(223,'Brigada de Seguranca Publica', 40);
insert into Acciona values(224,'Brigada de Seguranca Publica', 1);
insert into Acciona values(225,'Brigada de Seguranca Publica', 1);
insert into Acciona values(226,'Brigada de Seguranca Publica', 1);
insert into Acciona values(227,'Brigada de Seguranca Publica', 4);
insert into Acciona values(241,'Operacionais', 5);
insert into Acciona values(242,'Operacionais', 6);
insert into Acciona values(243,'Operacionais', 7);
insert into Acciona values(244,'Operacionais', 8);
insert into Acciona values(245,'Operacionais', 9);
insert into Acciona values(246,'Operacionais', 10);
insert into Acciona values(247,'Operacionais', 11);
insert into Acciona values(261,'Bombeiros Mistos', 12);
insert into Acciona values(262,'Bombeiros Mistos', 13);
insert into Acciona values(263,'Bombeiros Mistos', 14);
insert into Acciona values(264,'Bombeiros Mistos', 15);
insert into Acciona values(265,'Bombeiros Mistos', 16);
insert into Acciona values(266,'Bombeiros Mistos', 17);
insert into Acciona values(267,'Bombeiros Mistos', 18);
insert into Acciona values(281,'Guarda Florestal', 19);
insert into Acciona values(282,'Guarda Florestal', 20);
insert into Acciona values(283,'Guarda Florestal', 21);
insert into Acciona values(284,'Guarda Florestal', 22);
insert into Acciona values(285,'Guarda Florestal', 23);
insert into Acciona values(286,'Guarda Florestal', 24);
insert into Acciona values(287,'Guarda Florestal', 25);

insert into Solicita values(1, '2018-08-01 08:00:00', 2, '2018-08-01 08:00:00', '2018-08-01 10:00:00');
insert into Solicita values(2, '2018-08-02 08:00:00', 2, '2018-08-02 08:00:00', '2018-08-02 10:00:00');
insert into Solicita values(3, '2018-08-03 08:00:00', 2, '2018-08-03 08:00:00', '2018-08-03 10:00:00');
insert into Solicita values(4, '2018-08-04 08:00:00', 2, '2018-08-04 08:00:00', '2018-08-04 10:00:00');
insert into Solicita values(5, '2018-08-05 08:00:00', 2, '2018-08-05 08:00:00', '2018-08-05 10:00:00');
insert into Solicita values(6, '2018-08-06 08:00:00', 2, '2018-08-06 08:00:00', '2018-08-06 10:00:00');
insert into Solicita values(7, '2018-08-07 08:00:00', 2, '2018-08-07 08:00:00', '2018-08-07 10:00:00');
insert into Solicita values(8, '2018-08-08 08:00:00', 2, '2018-08-08 08:00:00', '2018-08-08 10:00:00');
insert into Solicita values(9, '2018-08-09 08:00:00', 2, '2018-08-09 08:00:00', '2018-08-09 10:00:00');
insert into Solicita values(27, '2018-08-10 08:00:00', 2, '2018-08-10 08:00:00', '2018-08-10 10:00:00');
insert into Solicita values(10, '2018-08-11 08:00:00', 2, '2018-08-11 08:00:00', '2018-08-11 10:00:00');
insert into Solicita values(11, '2018-08-12 08:00:00', 2, '2018-08-12 08:00:00', '2018-08-12 10:00:00');
insert into Solicita values(12, '2018-08-23 08:00:00', 2, '2018-08-23 08:00:00', '2018-08-23 10:00:00');
insert into Solicita values(13, '2018-08-24 08:00:00', 2, '2018-08-24 08:00:00', '2018-08-24 10:00:00');
insert into Solicita values(14, '2018-08-25 08:00:00', 2, '2018-08-25 08:00:00', '2018-08-25 10:00:00');
insert into Solicita values(15, '2018-08-26 08:00:00', 2, '2018-08-26 08:00:00', '2018-08-26 10:00:00');
insert into Solicita values(16, '2018-08-27 08:00:00', 2, '2018-08-27 08:00:00', '2018-08-27 10:00:00');
insert into Solicita values(17, '2018-08-28 08:00:00', 2, '2018-08-28 08:00:00', '2018-08-28 10:00:00');
insert into Solicita values(18, '2018-08-29 08:00:00', 2, '2018-08-29 08:00:00', '2018-08-29 10:00:00');
insert into Solicita values(19, '2018-08-30 08:00:00', 2, '2018-08-30 08:00:00', '2018-08-30 10:00:00');
insert into Solicita values(20, '2018-08-31 08:00:00', 2, '2018-08-31 08:00:00', '2018-08-31 10:00:00');
insert into Solicita values(21, '2018-09-01 08:00:00', 3, '2018-09-01 08:00:00', '2018-09-01 10:00:00');
insert into Solicita values(22, '2018-09-02 08:00:00', 3, '2018-09-02 08:00:00', '2018-09-02 10:00:00');
insert into Solicita values(23, '2018-09-03 08:00:00', 3, '2018-09-03 08:00:00', '2018-09-03 10:00:00');
insert into Solicita values(24, '2018-09-04 08:00:00', 3, '2018-09-04 08:00:00', '2018-09-04 10:00:00');
insert into Solicita values(25, '2018-09-05 08:00:00', 3, '2018-09-05 08:00:00', '2018-09-05 10:00:00');
insert into Solicita values(26, '2018-09-06 08:00:00', 3, '2018-09-06 08:00:00', '2018-09-06 10:00:00');
insert into Solicita values(28, '2018-09-07 08:00:00', 3, '2018-09-07 08:00:00', '2018-09-07 10:00:00');
insert into Solicita values(29, '2018-09-08 08:00:00', 3, '2018-09-08 08:00:00', '2018-09-08 10:00:00');
insert into Solicita values(30, '2018-09-09 08:00:00', 3, '2018-09-09 08:00:00', '2018-09-09 10:00:00');
insert into Solicita values(31, '2018-09-10 08:00:00', 3, '2018-09-10 08:00:00', '2018-09-10 10:00:00');
insert into Solicita values(32, '2018-09-11 08:00:00', 3, '2018-09-11 08:00:00', '2018-09-11 10:00:00');
insert into Solicita values(33, '2018-09-12 08:00:00', 3, '2018-09-12 08:00:00', '2018-09-12 10:00:00');
insert into Solicita values(34, '2018-09-23 08:00:00', 3, '2018-09-23 08:00:00', '2018-09-23 10:00:00');
insert into Solicita values(35, '2018-09-24 08:00:00', 3, '2018-09-24 08:00:00', '2018-09-24 10:00:00');
insert into Solicita values(36, '2018-09-25 08:00:00', 3, '2018-09-25 08:00:00', '2018-09-25 10:00:00');
insert into Solicita values(37, '2018-09-26 08:00:00', 3, '2018-09-26 08:00:00', '2018-09-26 10:00:00');
insert into Solicita values(38, '2018-09-27 08:00:00', 3, '2018-09-27 08:00:00', '2018-09-27 10:00:00');
insert into Solicita values(39, '2018-09-28 08:00:00', 3, '2018-09-28 08:00:00', '2018-09-28 10:00:00');
insert into Solicita values(40, '2018-09-29 08:00:00', 3, '2018-09-29 08:00:00', '2018-09-29 10:00:00');
insert into Solicita values(41, '2018-09-30 08:00:00', 3, '2018-09-30 08:00:00', '2018-09-30 10:00:00');
insert into Solicita values(21, '2018-09-01 08:00:00', 100, '2018-09-01 08:00:00', '2018-09-01 10:00:00');
insert into Solicita values(22, '2018-09-02 08:00:00', 100, '2018-09-02 08:00:00', '2018-09-02 10:00:00');
insert into Solicita values(23, '2018-09-03 08:00:00', 100, '2018-09-03 08:00:00', '2018-09-03 10:00:00');
insert into Solicita values(24, '2018-09-04 08:00:00', 100, '2018-09-04 08:00:00', '2018-09-04 10:00:00');
insert into Solicita values(25, '2018-09-05 08:00:00', 100, '2018-09-05 08:00:00', '2018-09-05 10:00:00');
insert into Solicita values(26, '2018-09-06 08:00:00', 100, '2018-09-06 08:00:00', '2018-09-06 10:00:00');
insert into Solicita values(28, '2018-09-07 08:00:00', 100, '2018-09-07 08:00:00', '2018-09-07 10:00:00');
insert into Solicita values(29, '2018-09-08 08:00:00', 100, '2018-09-08 08:00:00', '2018-09-08 10:00:00');
insert into Solicita values(30, '2018-09-09 08:00:00', 100, '2018-09-09 08:00:00', '2018-09-09 10:00:00');
insert into Solicita values(31, '2018-09-10 08:00:00', 100, '2018-09-10 08:00:00', '2018-09-10 10:00:00');
insert into Solicita values(32, '2018-09-11 08:00:00', 100, '2018-09-11 08:00:00', '2018-09-11 10:00:00');
insert into Solicita values(33, '2018-09-12 08:00:00', 100, '2018-09-12 08:00:00', '2018-09-12 10:00:00');
insert into Solicita values(34, '2018-09-23 08:00:00', 100, '2018-09-23 08:00:00', '2018-09-23 10:00:00');
insert into Solicita values(35, '2018-09-24 08:00:00', 100, '2018-09-24 08:00:00', '2018-09-24 10:00:00');
insert into Solicita values(36, '2018-09-25 08:00:00', 100, '2018-09-25 08:00:00', '2018-09-25 10:00:00');
insert into Solicita values(37, '2018-09-26 08:00:00', 100, '2018-09-26 08:00:00', '2018-09-26 10:00:00');
insert into Solicita values(38, '2018-09-27 08:00:00', 100, '2018-09-27 08:00:00', '2018-09-27 10:00:00');
insert into Solicita values(39, '2018-09-28 08:00:00', 100, '2018-09-28 08:00:00', '2018-09-28 10:00:00');
insert into Solicita values(40, '2018-09-29 08:00:00', 100, '2018-09-29 08:00:00', '2018-09-29 10:00:00');
insert into Solicita values(41, '2018-09-30 08:00:00', 100, '2018-09-30 08:00:00', '2018-09-30 10:00:00');
insert into Solicita values(62, '2018-10-01 08:00:00', 4, '2018-10-01 08:00:00', '2018-10-01 10:00:00');
insert into Solicita values(63, '2018-10-02 08:00:00', 4, '2018-10-02 08:00:00', '2018-10-02 10:00:00');
insert into Solicita values(64, '2018-10-03 08:00:00', 4, '2018-10-03 08:00:00', '2018-10-03 10:00:00');
insert into Solicita values(65, '2018-10-04 08:00:00', 4, '2018-10-04 08:00:00', '2018-10-04 10:00:00');
insert into Solicita values(66, '2018-10-05 08:00:00', 4, '2018-10-05 08:00:00', '2018-10-05 10:00:00');
insert into Solicita values(67, '2018-10-06 08:00:00', 4, '2018-10-06 08:00:00', '2018-10-06 10:00:00');
insert into Solicita values(68, '2018-10-07 08:00:00', 4, '2018-10-07 08:00:00', '2018-10-07 10:00:00');
insert into Solicita values(69, '2018-10-08 08:00:00', 4, '2018-10-08 08:00:00', '2018-10-08 10:00:00');
insert into Solicita values(70, '2018-10-09 08:00:00', 4, '2018-10-09 08:00:00', '2018-10-09 10:00:00');
insert into Solicita values(71, '2018-10-10 08:00:00', 4, '2018-10-10 08:00:00', '2018-10-10 10:00:00');
insert into Solicita values(72, '2018-10-11 08:00:00', 4, '2018-10-11 08:00:00', '2018-10-11 10:00:00');
insert into Solicita values(73, '2018-10-12 08:00:00', 4, '2018-10-12 08:00:00', '2018-10-12 10:00:00');
insert into Solicita values(74, '2018-10-23 08:00:00', 4, '2018-10-23 08:00:00', '2018-10-23 10:00:00');
insert into Solicita values(75, '2018-10-24 08:00:00', 4, '2018-10-24 08:00:00', '2018-10-24 10:00:00');
insert into Solicita values(76, '2018-10-25 08:00:00', 4, '2018-10-25 08:00:00', '2018-10-25 10:00:00');
insert into Solicita values(77, '2018-10-26 08:00:00', 4, '2018-10-26 08:00:00', '2018-10-26 10:00:00');
insert into Solicita values(78, '2018-10-27 08:00:00', 4, '2018-10-27 08:00:00', '2018-10-27 10:00:00');
insert into Solicita values(79, '2018-10-28 08:00:00', 4, '2018-10-28 08:00:00', '2018-10-28 10:00:00');
insert into Solicita values(80, '2018-10-29 08:00:00', 4, '2018-10-29 08:00:00', '2018-10-29 10:00:00');
insert into Solicita values(81, '2018-10-30 08:00:00', 4, '2018-10-30 08:00:00', '2018-10-30 10:00:00');
insert into Solicita values(82, '2018-10-31 08:00:00', 4, '2018-10-31 08:00:00', '2018-10-31 10:00:00');
insert into Solicita values(83, '2019-09-01 08:00:00', 5, '2019-09-01 08:00:00', '2019-10-01 10:00:00');
insert into Solicita values(84, '2019-09-02 08:00:00', 5, '2019-09-02 08:00:00', '2019-10-02 10:00:00');
insert into Solicita values(85, '2019-09-03 08:00:00', 5, '2019-09-03 08:00:00', '2019-10-03 10:00:00');
insert into Solicita values(86, '2019-09-04 08:00:00', 5, '2019-09-04 08:00:00', '2019-10-04 10:00:00');
insert into Solicita values(87, '2019-09-05 08:00:00', 5, '2019-09-05 08:00:00', '2019-10-05 10:00:00');
insert into Solicita values(88, '2019-09-06 08:00:00', 5, '2019-09-06 08:00:00', '2019-10-06 10:00:00');
insert into Solicita values(89, '2019-09-07 08:00:00', 5, '2019-09-07 08:00:00', '2019-10-07 10:00:00');
insert into Solicita values(90, '2019-09-08 08:00:00', 5, '2019-09-08 08:00:00', '2019-10-08 10:00:00');
insert into Solicita values(91, '2019-09-09 08:00:00', 5, '2019-09-09 08:00:00', '2019-10-09 10:00:00');
insert into Solicita values(92, '2019-09-10 08:00:00', 5, '2019-09-10 08:00:00', '2019-10-10 10:00:00');
insert into Solicita values(93, '2019-09-11 08:00:00', 5, '2019-09-11 08:00:00', '2019-10-11 10:00:00');
insert into Solicita values(94, '2019-09-12 08:00:00', 5, '2019-09-12 08:00:00', '2019-10-12 10:00:00');
insert into Solicita values(95, '2019-09-23 08:00:00', 5, '2019-09-23 08:00:00', '2019-10-23 10:00:00');
insert into Solicita values(96, '2019-09-24 08:00:00', 5, '2019-09-24 08:00:00', '2019-10-24 10:00:00');
insert into Solicita values(97, '2019-09-25 08:00:00', 5, '2019-09-25 08:00:00', '2019-10-25 10:00:00');
insert into Solicita values(98, '2019-09-26 08:00:00', 5, '2019-09-26 08:00:00', '2019-10-26 10:00:00');
insert into Solicita values(99, '2019-09-27 08:00:00', 5, '2019-09-27 08:00:00', '2019-10-27 10:00:00');
insert into Solicita values(100, '2019-09-28 08:00:00', 5, '2019-09-28 08:00:00', '2019-10-28 10:00:00');

insert into Audita values(1, 1, 'Policia de Seguranca Publica', 1, '2018-08-05 08:00:00', '2018-08-05 18:00:00', '2018-08-06 18:00:00', 'ABABABABABABBABABABABABABABABABABAB');
insert into Audita values(1, 2, 'Policia de Seguranca Publica', 1, '2018-08-05 08:00:00', '2018-08-05 18:00:00', '2018-08-06 18:00:00', 'ABABABABABABBABABABABABABABABABABAB');
insert into Audita values(2, 1, 'Policia de Seguranca Publica', 1, '2018-08-05 08:00:00', '2018-08-05 18:00:00', '2018-08-06 18:00:00', 'ABABABABABABBABABABABABABABABABABAB');
insert into Audita values(1, 4, 'Policia de Seguranca Publica', 4, '2018-08-05 08:00:00', '2018-08-05 18:00:00', '2018-08-06 18:00:00', 'ABABABABABABBABABABABABABABABABABAB');
insert into Audita values(1, 5, 'Policia de Seguranca Publica', 5, '2018-08-05 08:00:00', '2018-08-05 18:00:00', '2018-08-06 18:00:00', 'ABABABABABABBABABABABABABABABABABAB');
insert into Audita values(1, 6, 'Policia de Seguranca Publica', 6, '2018-08-05 08:00:00', '2018-08-05 18:00:00', '2018-08-06 18:00:00', 'ABABABABABABBABABABABABABABABABABAB');
insert into Audita values(1, 7, 'Policia de Seguranca Publica', 7, '2018-08-05 08:00:00', '2018-08-05 18:00:00', '2018-08-06 18:00:00', 'ABABABABABABBABABABABABABABABABABAB');
insert into Audita values(1, 21, 'Bombeiros Sapadores', 8, '2018-08-05 08:00:00', '2018-08-05 18:00:00', '2018-08-06 18:00:00', 'ABABABABABABBABABABABABABABABABABAB');
insert into Audita values(1, 22, 'Bombeiros Sapadores', 9, '2018-08-05 08:00:00', '2018-08-05 18:00:00', '2018-08-06 18:00:00', 'ABABABABABABBABABABABABABABABABABAB');
insert into Audita values(1, 23, 'Bombeiros Sapadores', 10, '2018-08-05 08:00:00', '2018-08-05 18:00:00', '2018-08-06 18:00:00', 'ABABABABABABBABABABABABABABABABABAB');
insert into Audita values(11, 24, 'Bombeiros Sapadores', 11, '2018-08-10 08:00:00', '2018-08-10 18:00:00', '2018-08-11 18:00:00', 'CDCDCDCDCDCDCDCDCDCDCDCDCDCDCDCD');
insert into Audita values(11, 25, 'Bombeiros Sapadores', 12, '2018-08-10 08:00:00', '2018-08-10 18:00:00', '2018-08-11 18:00:00', 'CDCDCDCDCDCDCDCDCDCDCDCDCDCDCDCD');
insert into Audita values(11, 26, 'Bombeiros Sapadores', 13, '2018-08-10 08:00:00', '2018-08-10 18:00:00', '2018-08-11 18:00:00', 'CDCDCDCDCDCDCDCDCDCDCDCDCDCDCDCD');
insert into Audita values(11, 27, 'Bombeiros Sapadores', 14, '2018-08-10 08:00:00', '2018-08-10 18:00:00', '2018-08-11 18:00:00', 'CDCDCDCDCDCDCDCDCDCDCDCDCDCDCDCD');
insert into Audita values(11, 41, 'Bombeiros Voluntarios', 15, '2018-08-10 08:00:00', '2018-08-10 18:00:00', '2018-08-11 18:00:00', 'CDCDCDCDCDCDCDCDCDCDCDCDCDCDCDCD');
insert into Audita values(11, 42, 'Bombeiros Voluntarios', 16, '2018-08-10 08:00:00', '2018-08-10 18:00:00', '2018-08-11 18:00:00', 'CDCDCDCDCDCDCDCDCDCDCDCDCDCDCDCD');
insert into Audita values(11, 43, 'Bombeiros Voluntarios', 17, '2018-08-10 08:00:00', '2018-08-10 18:00:00', '2018-08-11 18:00:00', 'CDCDCDCDCDCDCDCDCDCDCDCDCDCDCDCD');
insert into Audita values(11, 44, 'Bombeiros Voluntarios', 18, '2018-08-10 08:00:00', '2018-08-10 18:00:00', '2018-08-11 18:00:00', 'CDCDCDCDCDCDCDCDCDCDCDCDCDCDCDCD');
insert into Audita values(11, 45, 'Bombeiros Voluntarios', 19, '2018-08-10 08:00:00', '2018-08-10 18:00:00', '2018-08-11 18:00:00', 'CDCDCDCDCDCDCDCDCDCDCDCDCDCDCDCD');
insert into Audita values(11, 46, 'Bombeiros Voluntarios', 20, '2018-08-10 08:00:00', '2018-08-10 18:00:00', '2018-08-11 18:00:00', 'CDCDCDCDCDCDCDCDCDCDCDCDCDCDCDCD');
insert into Audita values(21, 47, 'Bombeiros Voluntarios', 21, '2018-08-25 08:00:00', '2018-08-25 18:00:00', '2018-08-26 18:00:00', 'EFEFEFEFEFEFEFEFEFEFEFEFEFEFEFEF');
insert into Audita values(21, 61, 'Especialistas de Salvamento', 22, '2018-08-25 08:00:00', '2018-08-25 18:00:00', '2018-08-26 18:00:00', 'EFEFEFEFEFEFEFEFEFEFEFEFEFEFEFEF');
insert into Audita values(21, 62, 'Especialistas de Salvamento', 23, '2018-08-25 08:00:00', '2018-08-25 18:00:00', '2018-08-26 18:00:00', 'EFEFEFEFEFEFEFEFEFEFEFEFEFEFEFEF');
insert into Audita values(21, 63, 'Especialistas de Salvamento', 24, '2018-08-25 08:00:00', '2018-08-25 18:00:00', '2018-08-26 18:00:00', 'EFEFEFEFEFEFEFEFEFEFEFEFEFEFEFEF');
insert into Audita values(21, 64, 'Especialistas de Salvamento', 25, '2018-08-25 08:00:00', '2018-08-25 18:00:00', '2018-08-26 18:00:00', 'EFEFEFEFEFEFEFEFEFEFEFEFEFEFEFEF');
insert into Audita values(21, 65, 'Especialistas de Salvamento', 26, '2018-08-25 08:00:00', '2018-08-25 18:00:00', '2018-08-26 18:00:00', 'EFEFEFEFEFEFEFEFEFEFEFEFEFEFEFEF');
insert into Audita values(21, 66, 'Especialistas de Salvamento', 27, '2018-08-25 08:00:00', '2018-08-25 18:00:00', '2018-08-26 18:00:00', 'EFEFEFEFEFEFEFEFEFEFEFEFEFEFEFEF');
insert into Audita values(21, 67, 'Especialistas de Salvamento', 28, '2018-08-25 08:00:00', '2018-08-25 18:00:00', '2018-08-26 18:00:00', 'EFEFEFEFEFEFEFEFEFEFEFEFEFEFEFEF');
insert into Audita values(21, 81, 'Policia Florestal', 29, '2018-08-25 08:00:00', '2018-08-25 18:00:00', '2018-08-26 18:00:00', 'EFEFEFEFEFEFEFEFEFEFEFEFEFEFEFEF');
insert into Audita values(21, 82, 'Policia Florestal', 30, '2018-08-25 08:00:00', '2018-08-25 18:00:00', '2018-08-26 18:00:00', 'EFEFEFEFEFEFEFEFEFEFEFEFEFEFEFEF');
insert into Audita values(31, 83, 'Policia Florestal', 31, '2018-08-30 08:00:00', '2018-08-30 18:00:00', '2018-08-31 18:00:00', 'GHGHGHGHGHGHGHGHGHGHGHGHGHGHGHGH');
insert into Audita values(31, 84, 'Policia Florestal', 32, '2018-08-30 08:00:00', '2018-08-30 18:00:00', '2018-08-31 18:00:00', 'GHGHGHGHGHGHGHGHGHGHGHGHGHGHGHGH');
insert into Audita values(31, 85, 'Policia Florestal', 33, '2018-08-30 08:00:00', '2018-08-30 18:00:00', '2018-08-31 18:00:00', 'GHGHGHGHGHGHGHGHGHGHGHGHGHGHGHGH');
insert into Audita values(31, 86, 'Policia Florestal', 34, '2018-08-30 08:00:00', '2018-08-30 18:00:00', '2018-08-31 18:00:00', 'GHGHGHGHGHGHGHGHGHGHGHGHGHGHGHGH');
insert into Audita values(31, 87, 'Policia Florestal', 35, '2018-08-30 08:00:00', '2018-08-30 18:00:00', '2018-08-31 18:00:00', 'GHGHGHGHGHGHGHGHGHGHGHGHGHGHGHGH');
insert into Audita values(31, 101, 'Bombeiros Civis', 36, '2018-08-30 08:00:00', '2018-08-30 18:00:00', '2018-08-31 18:00:00', 'GHGHGHGHGHGHGHGHGHGHGHGHGHGHGHGH');
insert into Audita values(31, 102, 'Bombeiros Civis', 37, '2018-08-30 08:00:00', '2018-08-30 18:00:00', '2018-08-31 18:00:00', 'GHGHGHGHGHGHGHGHGHGHGHGHGHGHGHGH');
insert into Audita values(31, 103, 'Bombeiros Civis', 38, '2018-08-30 08:00:00', '2018-08-30 18:00:00', '2018-08-31 18:00:00', 'GHGHGHGHGHGHGHGHGHGHGHGHGHGHGHGH');
insert into Audita values(31, 104, 'Bombeiros Civis', 39, '2018-08-30 08:00:00', '2018-08-30 18:00:00', '2018-08-31 18:00:00', 'GHGHGHGHGHGHGHGHGHGHGHGHGHGHGHGH');
insert into Audita values(31, 105, 'Bombeiros Civis', 40, '2018-08-30 08:00:00', '2018-08-30 18:00:00', '2018-08-31 18:00:00', 'GHGHGHGHGHGHGHGHGHGHGHGHGHGHGHGH');
insert into Audita values(41, 106, 'Bombeiros Civis', 1, '2018-09-05 08:00:00', '2018-09-05 18:00:00', '2018-09-06 18:00:00', 'IJIJIJIJIJIJIJIJIJIJIJIJIJIJIJIJ');
insert into Audita values(41, 107, 'Bombeiros Civis', 1, '2018-09-05 08:00:00', '2018-09-05 18:00:00', '2018-09-06 18:00:00', 'IJIJIJIJIJIJIJIJIJIJIJIJIJIJIJIJ');
insert into Audita values(42, 122,'Policia Municipal', 4, '2018-09-05 08:00:00', '2018-09-05 18:00:00', '2018-09-06 18:00:00', 'IJIJIJIJIJIJIJIJIJIJIJIJIJIJIJIJ');
insert into Audita values(41, 122,'Policia Municipal', 4, '2018-09-05 08:00:00', '2018-09-05 18:00:00', '2018-09-06 18:00:00', 'IJIJIJIJIJIJIJIJIJIJIJIJIJIJIJIJ');
insert into Audita values(41, 123,'Policia Municipal', 5, '2018-09-05 08:00:00', '2018-09-05 18:00:00', '2018-09-06 18:00:00', 'IJIJIJIJIJIJIJIJIJIJIJIJIJIJIJIJ');
insert into Audita values(41, 124,'Policia Municipal', 6, '2018-09-05 08:00:00', '2018-09-05 18:00:00', '2018-09-06 18:00:00', 'IJIJIJIJIJIJIJIJIJIJIJIJIJIJIJIJ');
insert into Audita values(41, 125,'Policia Municipal', 7, '2018-09-05 08:00:00', '2018-09-05 18:00:00', '2018-09-06 18:00:00', 'IJIJIJIJIJIJIJIJIJIJIJIJIJIJIJIJ');
insert into Audita values(41, 126,'Policia Municipal', 8, '2018-09-05 08:00:00', '2018-09-05 18:00:00', '2018-09-06 18:00:00', 'IJIJIJIJIJIJIJIJIJIJIJIJIJIJIJIJ');
insert into Audita values(41, 127,'Policia Municipal', 9, '2018-09-05 08:00:00', '2018-09-05 18:00:00', '2018-09-06 18:00:00', 'IJIJIJIJIJIJIJIJIJIJIJIJIJIJIJIJ');
insert into Audita values(41, 141,'GNR', 10, '2018-09-05 08:00:00', '2018-09-05 18:00:00', '2018-09-06 18:00:00', 'IJIJIJIJIJIJIJIJIJIJIJIJIJIJIJIJ');
insert into Audita values(51, 142,'GNR', 11, '2018-09-10 08:00:00', '2018-09-10 18:00:00', '2018-09-11 18:00:00', 'KLKLKLKLKLKLKLKLKLKLKLKLKLKLKLKL');
insert into Audita values(51, 143,'GNR', 12, '2018-09-10 08:00:00', '2018-09-10 18:00:00', '2018-09-11 18:00:00', 'KLKLKLKLKLKLKLKLKLKLKLKLKLKLKLKL');
insert into Audita values(51, 144,'GNR', 13, '2018-09-10 08:00:00', '2018-09-10 18:00:00', '2018-09-11 18:00:00', 'KLKLKLKLKLKLKLKLKLKLKLKLKLKLKLKL');
insert into Audita values(51, 145,'GNR', 14, '2018-09-10 08:00:00', '2018-09-10 18:00:00', '2018-09-11 18:00:00', 'KLKLKLKLKLKLKLKLKLKLKLKLKLKLKLKL');
insert into Audita values(51, 146,'GNR', 15, '2018-09-10 08:00:00', '2018-09-10 18:00:00', '2018-09-11 18:00:00', 'KLKLKLKLKLKLKLKLKLKLKLKLKLKLKLKL');
insert into Audita values(51, 147,'GNR', 16, '2018-09-10 08:00:00', '2018-09-10 18:00:00', '2018-09-11 18:00:00', 'KLKLKLKLKLKLKLKLKLKLKLKLKLKLKLKL');
insert into Audita values(51, 161,'Municipios', 17, '2018-09-10 08:00:00', '2018-09-10 18:00:00', '2018-09-11 18:00:00', 'KLKLKLKLKLKLKLKLKLKLKLKLKLKLKLKL');
insert into Audita values(51, 162,'Municipios', 18, '2018-09-10 08:00:00', '2018-09-10 18:00:00', '2018-09-11 18:00:00', 'KLKLKLKLKLKLKLKLKLKLKLKLKLKLKLKL');
insert into Audita values(51, 163,'Municipios', 19, '2018-09-10 08:00:00', '2018-09-10 18:00:00', '2018-09-11 18:00:00', 'KLKLKLKLKLKLKLKLKLKLKLKLKLKLKLKL');
insert into Audita values(51, 164,'Municipios', 20, '2018-09-10 08:00:00', '2018-09-10 18:00:00', '2018-09-11 18:00:00', 'KLKLKLKLKLKLKLKLKLKLKLKLKLKLKLKL');
insert into Audita values(61, 165,'Municipios', 21, '2018-09-25 08:00:00', '2018-09-25 18:00:00', '2018-09-26 18:00:00', 'MNMNMNMNMNMNMNMNMNMNMNMNMNMNMNMN');
insert into Audita values(61, 166,'Municipios', 22, '2018-09-25 08:00:00', '2018-09-25 18:00:00', '2018-09-26 18:00:00', 'MNMNMNMNMNMNMNMNMNMNMNMNMNMNMNMN');
insert into Audita values(61, 167,'Municipios', 23, '2018-09-25 08:00:00', '2018-09-25 18:00:00', '2018-09-26 18:00:00', 'MNMNMNMNMNMNMNMNMNMNMNMNMNMNMNMN');
insert into Audita values(61, 181,'Policia Aerea', 24, '2018-09-25 08:00:00', '2018-09-25 18:00:00', '2018-09-26 18:00:00', 'MNMNMNMNMNMNMNMNMNMNMNMNMNMNMNMN');
insert into Audita values(61, 182,'Policia Aerea', 25, '2018-09-25 08:00:00', '2018-09-25 18:00:00', '2018-09-26 18:00:00', 'MNMNMNMNMNMNMNMNMNMNMNMNMNMNMNMN');
insert into Audita values(61, 183,'Policia Aerea', 26, '2018-09-25 08:00:00', '2018-09-25 18:00:00', '2018-09-26 18:00:00', 'MNMNMNMNMNMNMNMNMNMNMNMNMNMNMNMN');
insert into Audita values(61, 184,'Policia Aerea', 27, '2018-09-25 08:00:00', '2018-09-25 18:00:00', '2018-09-26 18:00:00', 'MNMNMNMNMNMNMNMNMNMNMNMNMNMNMNMN');
insert into Audita values(61, 185,'Policia Aerea', 28, '2018-09-25 08:00:00', '2018-09-25 18:00:00', '2018-09-26 18:00:00', 'MNMNMNMNMNMNMNMNMNMNMNMNMNMNMNMN');
insert into Audita values(61, 186,'Policia Aerea', 29, '2018-09-25 08:00:00', '2018-09-25 18:00:00', '2018-09-26 18:00:00', 'MNMNMNMNMNMNMNMNMNMNMNMNMNMNMNMN');
insert into Audita values(61, 187,'Policia Aerea', 30, '2018-09-25 08:00:00', '2018-09-25 18:00:00', '2018-09-26 18:00:00', 'MNMNMNMNMNMNMNMNMNMNMNMNMNMNMNMN');
insert into Audita values(71, 201,'Operacoes Aereas', 29, '2018-09-30 08:00:00', '2018-09-30 18:00:00', '2018-10-01 18:00:00', 'OPOPOPOPOPOPOPOPOPOPOPOPOPOPOPOPOP');
insert into Audita values(71, 202,'Operacoes Aereas', 30, '2018-09-30 08:00:00', '2018-09-30 18:00:00', '2018-10-01 18:00:00', 'OPOPOPOPOPOPOPOPOPOPOPOPOPOPOPOPOP');
insert into Audita values(71, 203,'Operacoes Aereas', 31, '2018-09-30 08:00:00', '2018-09-30 18:00:00', '2018-10-01 18:00:00', 'OPOPOPOPOPOPOPOPOPOPOPOPOPOPOPOPOP');
insert into Audita values(71, 204,'Operacoes Aereas', 32, '2018-09-30 08:00:00', '2018-09-30 18:00:00', '2018-10-01 18:00:00', 'OPOPOPOPOPOPOPOPOPOPOPOPOPOPOPOPOP');
insert into Audita values(71, 205,'Operacoes Aereas', 33, '2018-09-30 08:00:00', '2018-09-30 18:00:00', '2018-10-01 18:00:00', 'OPOPOPOPOPOPOPOPOPOPOPOPOPOPOPOPOP');
insert into Audita values(71, 206,'Operacoes Aereas', 34, '2018-09-30 08:00:00', '2018-09-30 18:00:00', '2018-10-01 18:00:00', 'OPOPOPOPOPOPOPOPOPOPOPOPOPOPOPOPOP');
insert into Audita values(71, 207,'Operacoes Aereas', 35, '2018-09-30 08:00:00', '2018-09-30 18:00:00', '2018-10-01 18:00:00', 'OPOPOPOPOPOPOPOPOPOPOPOPOPOPOPOPOP');
insert into Audita values(71, 221,'Brigada de Seguranca Publica', 38, '2018-09-30 08:00:00', '2018-09-30 18:00:00', '2018-10-01 18:00:00', 'OPOPOPOPOPOPOPOPOPOPOPOPOPOPOPOPOP');
insert into Audita values(71, 222,'Brigada de Seguranca Publica', 39, '2018-09-30 08:00:00', '2018-09-30 18:00:00', '2018-10-01 18:00:00', 'OPOPOPOPOPOPOPOPOPOPOPOPOPOPOPOPOP');
insert into Audita values(71, 223,'Brigada de Seguranca Publica', 40, '2018-09-30 08:00:00', '2018-09-30 18:00:00', '2018-10-01 18:00:00', 'OPOPOPOPOPOPOPOPOPOPOPOPOPOPOPOPOP');
insert into Audita values(81, 224,'Brigada de Seguranca Publica', 1, '2018-10-05 08:00:00', '2018-10-05 18:00:00', '2018-10-06 18:00:00', 'QRQRQRQRQRQRQRQRQRQRQRQRQRQRQRQRQ');
insert into Audita values(81, 225,'Brigada de Seguranca Publica', 1, '2018-10-05 08:00:00', '2018-10-05 18:00:00', '2018-10-06 18:00:00', 'QRQRQRQRQRQRQRQRQRQRQRQRQRQRQRQRQ');
insert into Audita values(81, 226,'Brigada de Seguranca Publica', 1, '2018-10-05 08:00:00', '2018-10-05 18:00:00', '2018-10-06 18:00:00', 'QRQRQRQRQRQRQRQRQRQRQRQRQRQRQRQRQ');
insert into Audita values(81, 227,'Brigada de Seguranca Publica', 4, '2018-10-05 08:00:00', '2018-10-05 18:00:00', '2018-10-06 18:00:00', 'QRQRQRQRQRQRQRQRQRQRQRQRQRQRQRQRQ');
insert into Audita values(81, 241,'Operacionais', 5, '2018-10-05 08:00:00', '2018-10-05 18:00:00', '2018-10-06 18:00:00', 'QRQRQRQRQRQRQRQRQRQRQRQRQRQRQRQRQ');
insert into Audita values(81, 242,'Operacionais', 6, '2018-10-05 08:00:00', '2018-10-05 18:00:00', '2018-10-06 18:00:00', 'QRQRQRQRQRQRQRQRQRQRQRQRQRQRQRQRQ');
insert into Audita values(81, 243,'Operacionais', 7, '2018-10-05 08:00:00', '2018-10-05 18:00:00', '2018-10-06 18:00:00', 'QRQRQRQRQRQRQRQRQRQRQRQRQRQRQRQRQ');
insert into Audita values(81, 244,'Operacionais', 8, '2018-10-05 08:00:00', '2018-10-05 18:00:00', '2018-10-06 18:00:00', 'QRQRQRQRQRQRQRQRQRQRQRQRQRQRQRQRQ');
insert into Audita values(81, 245,'Operacionais', 9, '2018-10-05 08:00:00', '2018-10-05 18:00:00', '2018-10-06 18:00:00', 'QRQRQRQRQRQRQRQRQRQRQRQRQRQRQRQRQ');
insert into Audita values(81, 246,'Operacionais', 10, '2018-10-05 08:00:00', '2018-10-05 18:00:00', '2018-10-06 18:00:00', 'QRQRQRQRQRQRQRQRQRQRQRQRQRQRQRQRQ');
insert into Audita values(91, 247,'Operacionais', 11, '2018-10-10 08:00:00', '2018-10-10 18:00:00', '2018-10-11 18:00:00', 'STSTSTSTSTSTSTSTSTSTSTSTSTSTSTSTS');
insert into Audita values(91, 261,'Bombeiros Mistos', 12, '2018-10-10 08:00:00', '2018-10-10 18:00:00', '2018-10-11 18:00:00', 'STSTSTSTSTSTSTSTSTSTSTSTSTSTSTSTS');
insert into Audita values(91, 262,'Bombeiros Mistos', 13, '2018-10-10 08:00:00', '2018-10-10 18:00:00', '2018-10-11 18:00:00', 'STSTSTSTSTSTSTSTSTSTSTSTSTSTSTSTS');
insert into Audita values(91, 263,'Bombeiros Mistos', 14, '2018-10-10 08:00:00', '2018-10-10 18:00:00', '2018-10-11 18:00:00', 'STSTSTSTSTSTSTSTSTSTSTSTSTSTSTSTS');
insert into Audita values(91, 264,'Bombeiros Mistos', 15, '2018-10-10 08:00:00', '2018-10-10 18:00:00', '2018-10-11 18:00:00', 'STSTSTSTSTSTSTSTSTSTSTSTSTSTSTSTS');
insert into Audita values(91, 265,'Bombeiros Mistos', 16, '2018-10-10 08:00:00', '2018-10-10 18:00:00', '2018-10-11 18:00:00', 'STSTSTSTSTSTSTSTSTSTSTSTSTSTSTSTS');
insert into Audita values(91, 266,'Bombeiros Mistos', 17, '2018-10-10 08:00:00', '2018-10-10 18:00:00', '2018-10-11 18:00:00', 'STSTSTSTSTSTSTSTSTSTSTSTSTSTSTSTS');
insert into Audita values(91, 267,'Bombeiros Mistos', 18, '2018-10-10 08:00:00', '2018-10-10 18:00:00', '2018-10-11 18:00:00', 'STSTSTSTSTSTSTSTSTSTSTSTSTSTSTSTS');
insert into Audita values(91, 281,'Guarda Florestal', 19, '2018-10-10 08:00:00', '2018-10-10 18:00:00', '2018-10-11 18:00:00', 'STSTSTSTSTSTSTSTSTSTSTSTSTSTSTSTS');
insert into Audita values(91, 282,'Guarda Florestal', 20, '2018-10-10 08:00:00', '2018-10-10 18:00:00', '2018-10-11 18:00:00', 'STSTSTSTSTSTSTSTSTSTSTSTSTSTSTSTS');
insert into Audita values(91, 283,'Guarda Florestal', 21, '2018-10-10 08:00:00', '2018-10-10 18:00:00', '2018-10-11 18:00:00', 'STSTSTSTSTSTSTSTSTSTSTSTSTSTSTSTS');
insert into Audita values(91, 284,'Guarda Florestal', 22, '2018-10-10 08:00:00', '2018-10-10 18:00:00', '2018-10-11 18:00:00', 'STSTSTSTSTSTSTSTSTSTSTSTSTSTSTSTS');
insert into Audita values(91, 285,'Guarda Florestal', 23, '2018-10-10 08:00:00', '2018-10-10 18:00:00', '2018-10-11 18:00:00', 'STSTSTSTSTSTSTSTSTSTSTSTSTSTSTSTS');
insert into Audita values(91, 286,'Guarda Florestal', 24, '2018-10-10 08:00:00', '2018-10-10 18:00:00', '2018-10-11 18:00:00', 'STSTSTSTSTSTSTSTSTSTSTSTSTSTSTSTS');
insert into Audita values(91, 287,'Guarda Florestal', 25, '2018-10-10 08:00:00', '2018-10-10 18:00:00', '2018-10-11 18:00:00', 'STSTSTSTSTSTSTSTSTSTSTSTSTSTSTSTS');